ordinal	full_sha	subject	dashboard_scope	tags	attention	evidence_paths	migration_action	final_disposition
001	66307826afde6bd410bde1fa386cdf32b713f90b	Migrate Dashboard from Nextjs to TanStack (#79)	mixed	MIGRATION,UNIVERSAL_REACT,ROUTER_LAYOUT,CLIENT_SSR,ENV_BUILD_DEPLOY,STALE_NEXT,TEST_DOCS	3	apps/frontend/dashboard/package.json; apps/frontend/dashboard/next.config.ts; apps/frontend/dashboard/src/app; apps/frontend/dashboard/src/routes	Do not revert or replay this patch. Keep the current feature tree and reconstruct a Next App Router shell, using deleted Next files only as historical reference.	blocking migration requirement
002	0aeac998474284e5970642ba2974e03a47f9878b	fix(dashboard): declare missing deps and drop NEXT_PUBLIC_ env	mixed	UNIVERSAL_REACT,ENV_BUILD_DEPLOY,SHARED_BACKEND	3	apps/frontend/dashboard/Dockerfile; apps/frontend/dashboard/package.json; apps/frontend/dashboard/vite.config.ts; packages/auth/src/client.ts	Preserve the UI and declared dependencies; map dashboard VITE variables back to NEXT_PUBLIC variables while retaining the shared auth client's dual Vite/Next fallback.	blocking migration requirement
003	a8dbf91c20360a716e2d4c4bbe256d43413e7f28	fix(dashboard): allow all hosts behind reverse proxies	dashboard-only	ENV_BUILD_DEPLOY	2	apps/frontend/dashboard/vite.config.ts	Translate the reverse-proxy host requirement to Next allowed origins and production proxy configuration; do not copy Vite allowedHosts.	semantic parity scenario
004	0ebb9b0c12924784e61c69083d8622031e06df19	fix(links): wrap dynamic routes in Suspense for cacheComponents	none	ROUTER_LAYOUT,CLIENT_SSR	0	apps/frontend/links/src/app/layout.tsx; apps/frontend/links/src/app/preferences/[token]/page.tsx	Outside the dashboard; retain on main with no migration work.	preserved by ancestry
005	b9d55abff91d09ea242864836ed723ec215a4efa	fix(dashboard): honor Coolify PORT for Nitro server	dashboard-only	ENV_BUILD_DEPLOY	3	apps/frontend/dashboard/Dockerfile	Reimplement dynamic PORT and health-check behavior in the Next standalone image, using a dedicated dashboard health route.	blocking migration requirement
006	74044f9c34e2e40ed1074d6c3d9f992dd83e4790	chore(deps): bump dompurify in /apps/frontend/dashboard (#80)	dashboard-only	ENV_BUILD_DEPLOY	1	apps/frontend/dashboard/package.json	Keep the upgraded DOMPurify version when rebuilding the Next dependency manifest.	mechanical port
007	3db63e6875d1cf688f4db6a1a342d604e743707a	fix build bugs	dashboard-only	ROUTER_LAYOUT,ENV_BUILD_DEPLOY	3	apps/frontend/dashboard/server/plugins/restore-dashboard-basepath.ts; apps/frontend/dashboard/vite.config.ts	Do not port the Nitro plugin. Preserve its path/asset requirements by making the proxy pass /dashboard intact and testing deep links and static assets.	blocking migration requirement
008	db634ba4b98f6e6e7e3c7556d86949c0a4b5b0d9	feat(web): redirect logged-in homepage visitors to dashboard	none	ROUTER_LAYOUT,ENV_BUILD_DEPLOY	0	apps/frontend/web/src/proxy.ts	Outside the dashboard; preserve the marketing-home session redirect unchanged.	preserved by ancestry
009	7746d787699cd69d61615ba0ddaa9d22c4b55127	refactor(inbox): drop direct S3 config in favor of upload service	none	SHARED_BACKEND,TEST_DOCS	0	apps/backend/inbox/src/inbox.config.ts; apps/backend/inbox/src/lib/s3.ts	Backend-only and already present in current main; no Next migration action.	preserved by ancestry
010	207b40708b42bd2bf7571014d3705a7d41322e2d	fix logs config	none	SHARED_BACKEND,ENV_BUILD_DEPLOY,TEST_DOCS	0	apps/backend/logs/src/logs.config.ts; apps/frontend/docs/content/docs/setup/backend/logs.mdx	Backend/docs-only; no dashboard migration action.	preserved by ancestry
011	d24db3d553a9306e078f67b4dd7ce3f6e77cb2a4	fix(logs): remap native ClickHouse ports to HTTP for client	none	SHARED_BACKEND,ENV_BUILD_DEPLOY	0	apps/backend/logs/src/logs.config.ts	Backend-only ClickHouse port normalization; no dashboard migration action.	preserved by ancestry
012	e13878e0b0c6b039a49854cdeec107244d65e9cb	fix(dashboard): show onboarding logo from local data-URL preview	dashboard-only	UNIVERSAL_REACT,CLIENT_SSR	1	apps/frontend/dashboard/src/features/onboarding/step1/use-logo-upload.ts; apps/frontend/dashboard/src/features/onboarding/step1/logo-upload.tsx	Carry the React logic unchanged under a client boundary; verify FileReader data-URL preview and permanent logo URL behavior.	mechanical port
013	5b1a403119596d81f5b54841957b96ed481b2ea8	fix the inbound domain	none	SHARED_BACKEND	0	apps/backend/domain/src/model/domain.model.ts; apps/backend/domain/src/utils/dns-record-generator.ts	Backend-only; no Next migration action.	preserved by ancestry
014	5a857196e4dc7a8a0c2e3a459ef7ebb8741ebb71	fix(domain): put receiving MX on apex for correct DNS verification	none	SHARED_BACKEND,TEST_DOCS	0	apps/backend/domain/src/utils/ensure-receiving-mx.ts; apps/backend/domain/test/dns-record-generator.test.ts	Backend/workflow change remains on current main; no dashboard framework work.	preserved by ancestry
015	c3c448dac2e81972ea0429e0a24714b2e49749df	fix(domain): fix return path and tracking as server defaults	mixed	UNIVERSAL_REACT,SHARED_BACKEND	2	apps/frontend/dashboard/src/features/domain/add/page.tsx; apps/frontend/dashboard/src/features/onboarding/step2/use-add-domain.ts; apps/backend/domain/src/model/domain.model.ts	Preserve the server-owned return-path/tracking contract and the matching read-only dashboard fields; validate create-domain and onboarding payloads end to end.	semantic parity scenario
016	3a456985588dd321ed26b999bd27bddbc1a2970b	chore: update project dependencies via pnpm install	dashboard-only	UNIVERSAL_REACT	0	apps/frontend/dashboard/src/features/domain/add/components/advanced-options.tsx; apps/frontend/dashboard/src/features/onboarding/step2/advanced-options.tsx	Portable React/UI change; carry forward as-is.	preserved by ancestry
017	3e6c146903b40d7913310e3f5becd30f66494216	fix(dashboard): keep data-URL logo/avatar preview after upload	dashboard-only	UNIVERSAL_REACT,CLIENT_SSR	1	apps/frontend/dashboard/src/features/settings/profile/account-profile-picture.tsx; apps/frontend/dashboard/src/features/settings/workspace/workspace-logo-upload.tsx	Keep under client boundaries and verify local data-URL previews continue winning during upload.	mechanical port
018	77f77238807d660ec1fa37619268603ce27172eb	fix(dashboard): force absolute URLs for logo and avatar images	mixed	UNIVERSAL_REACT,CLIENT_SSR,SHARED_BACKEND	2	apps/frontend/dashboard/src/utils/absolute-url.ts; apps/frontend/dashboard/src/features/settings/workspace/workspace-logo-upload.tsx; apps/backend/upload/src/routes/upload/upload-file/upload-file.controllers.ts	Preserve both backend absolute URL generation and frontend normalization; validate data, blob, protocol-relative, and scheme-less image URLs.	semantic parity scenario
019	0cacafe18a8d346b6caa111fa96b15b0621ec368	fix(dashboard): clear React Query cache on logout	dashboard-only	UNIVERSAL_REACT,ROUTER_LAYOUT,TEST_DOCS	2	apps/frontend/dashboard/src/features/auth/session-query.ts; apps/frontend/dashboard/src/features/auth/session-query.test.ts; apps/frontend/dashboard/src/features/dashboard/page-header/user-dropdown.tsx	Keep cache clearing and sign-out ordering, replace the TanStack navigation callback with Next navigation, and update the characterization tests to the new adapter contract.	semantic parity scenario
020	d32f12ce1add8f19f37e1bb5ca02e65533a2ede9	feat(dashboard): restore OTP magic-link verify page	dashboard-only	UNIVERSAL_REACT,ROUTER_LAYOUT,CLIENT_SSR	3	apps/frontend/dashboard/src/features/auth/verify/auto-login-page.tsx; apps/frontend/dashboard/src/routes/verify.tsx	Create the Next /verify page, keep OTP and email query values as strings, retain invite propagation and post-auth cache refresh, and port metadata.	blocking migration requirement
021	e2e988f865e0fee9aa19cec41db64aaa78581206	fix(links): proxy open-tracking pixels on custom tracking domains	none	SHARED_BACKEND,ROUTER_LAYOUT,TEST_DOCS	0	apps/frontend/links/src/app/api/mail/v1/track/open/[token]/route.ts	Links-app-only route; no dashboard migration action.	preserved by ancestry
022	142c84ae4e24d9993092b489f0f9a821e3737564	chore: add project dependencies in node_modules	none	ENV_BUILD_DEPLOY	0	.github/workflows/fe-links.yml	Links deployment only; no dashboard migration action.	preserved by ancestry
023	25e44f21aaf5b2807de6907f58fabd346a429b44	fix(dashboard): polish agent inbox list UI and onboarding exit redirect	dashboard-only	UNIVERSAL_REACT,ROUTER_LAYOUT	2	apps/frontend/dashboard/src/features/agent-inbox/components/agent-mailbox-list.tsx; apps/frontend/dashboard/src/features/onboarding/step1/use-create-org.ts; apps/frontend/dashboard/src/utils/post-auth-destination.ts	Preserve mailbox q/status/page/limit URL state and forced organization refetches; adapt navigation calls and test the onboarding-to-home transition.	semantic parity scenario
024	5416d0cf9ac622c300cecc6d0be68595f4961871	fix sidebar animation	mixed	UNIVERSAL_REACT,ROUTER_LAYOUT,CLIENT_SSR	1	apps/frontend/dashboard/src/features/dashboard/sidebar/main-sidebar.tsx	Replace pathname access with usePathname and retain reduced-motion sidebar transitions.	mechanical port
025	3ac0a737b2f6166d30e8845675f9f54b085858de	style(agent-inbox): align details page and sidebar styling, hover animations, and counts	dashboard-only	UNIVERSAL_REACT,ROUTER_LAYOUT,CLIENT_SSR	2	apps/frontend/dashboard/src/features/agent-inbox/components/inbox-sidebar.tsx; apps/frontend/dashboard/src/features/agent-inbox/hooks/use-inbox-folder-stats.ts	Port inbox links and dynamic label destinations to Next, retain DOM-measured hover state, and verify active folder/count behavior.	semantic parity scenario
026	308bef7ba38872da876d4f1abe39d87706ad9d8a	ui improvements	dashboard-only	UNIVERSAL_REACT,ROUTER_LAYOUT	1	apps/frontend/dashboard/src/features/agent-inbox/components/mailbox-rail.tsx; apps/frontend/dashboard/src/features/agent-inbox/components/inbox-nav-user.tsx	Carry the React restructure forward and mechanically replace mailbox Link/useNavigate calls with the Next navigation helper.	mechanical port
027	2175d98639769efc4d6212d9762df861e43b367d	feat(inbox): support label colors and optimize sidebar hover animations	dashboard-only	UNIVERSAL_REACT,ROUTER_LAYOUT,CLIENT_SSR	2	apps/frontend/dashboard/src/features/agent-inbox/components/inbox-label-dialog.tsx; apps/frontend/dashboard/src/features/agent-inbox/components/inbox-sidebar.tsx; apps/frontend/dashboard/src/features/agent-inbox/lib/label-colors.ts	Preserve label color persistence, navigation, radiogroup behavior, and DOM-rect hover animation under a client boundary.	semantic parity scenario
028	91475ff31ad05e5a08939b2fa6046fe8ccb51897	feat(agent-inbox): refine composer modal layout, align From field, add AI Sparkles trigger, remove templates/AI draft buttons, and adjust footer layout	dashboard-only	UNIVERSAL_REACT,CLIENT_SSR	2	apps/frontend/dashboard/src/features/agent-inbox/components/compose-modal.tsx; apps/frontend/dashboard/src/features/agent-inbox/components/inbox-label-dialog.tsx	Move module-scope navigator/platform detection behind hydration-stable client logic; otherwise retain composer and label UI.	semantic parity scenario
029	4fb4b415ef25df6348c922d902e09dcbf66d443e	feat(agent-inbox): polish compose modal and preview transition animations with Framer Motion	dashboard-only	UNIVERSAL_REACT,CLIENT_SSR	1	apps/frontend/dashboard/src/features/agent-inbox/components/compose-modal.tsx; apps/frontend/dashboard/src/features/agent-inbox/components/compose/ai-compose-preview.tsx	Portable motion/UI work; ensure it stays below a client boundary and respects reduced motion.	mechanical port
030	0863231748e314de9f62381d94d21566a0662bb6	feat(inbox): optimize recipient pills animation layout and show full email	mixed	UNIVERSAL_REACT,CLIENT_SSR,TEST_DOCS	1	apps/frontend/dashboard/src/features/agent-inbox/components/email-pills-input.tsx; plans/001-snappy-recipient-pills-layout.md	Carry the layout optimization forward under the existing client boundary and visually verify recipient overflow/measurement.	mechanical port
031	f866763c5bb01e151fc1369f0c6648a22138e19a	feat(inbox): integrate ComposeBodyEditor and clean up unused slash command files	dashboard-only	UNIVERSAL_REACT,CLIENT_SSR	2	apps/frontend/dashboard/src/features/agent-inbox/components/compose/compose-body-editor.tsx; apps/frontend/dashboard/src/features/agent-inbox/components/email-pills-input.tsx	Keep the current editor integration; isolate Tiptap/portal/document behavior to client-only modules and test compose, reply, forward, resize, and scroll positioning.	semantic parity scenario
032	846e3d64ae9fb0c4319db2f4ebb7fd7be5d7be47	feat(inbox): implement Undo Send delay queue and toast countdown UI	mixed	UNIVERSAL_REACT,CLIENT_SSR,SHARED_BACKEND	2	apps/frontend/dashboard/src/features/agent-inbox/components/compose/undo-send-toast.tsx; apps/frontend/dashboard/src/features/agent-inbox/components/agent-inbox-provider.tsx; apps/backend/inbox/src/cron/pending-outbound.cron.ts	Preserve the shared delayed-send protocol plus timers/localStorage; test send, countdown, cancel, retry, reload, and final sent-state reconciliation.	semantic parity scenario
033	9a0f8b40ee775373f141f8c1b6a12ae0bdbc43ca	improvements	mixed	UNIVERSAL_REACT,ROUTER_LAYOUT,CLIENT_SSR,SHARED_BACKEND	3	apps/frontend/dashboard/src/features/dashboard/dashboard-shell.tsx; apps/frontend/dashboard/src/features/agent-inbox/components/inbox-command-palette.tsx; packages/db/src/schema/compose.ts	Express shell exclusions structurally with Next route groups, port command-palette navigation/search state, and retain the matching backend compose state.	blocking migration requirement
034	0e0d286864ac53d62a9f6a8e9e6d42ec5996cedd	refactor(inbox): replace virtua with react-virtuoso and enhance bulk selection UI	mixed	UNIVERSAL_REACT,CLIENT_SSR,ENV_BUILD_DEPLOY	2	apps/frontend/dashboard/src/features/agent-inbox/components/thread-list.tsx; apps/frontend/dashboard/package.json	Keep react-virtuoso and remove only the obsolete virtualizer; verify SSR/hydration, pagination, bulk selection, and long-list scrolling.	semantic parity scenario
035	6f0ed65b9439d4b096c66201c95cd49febc9ef4e	refactor(inbox): restructure thread detail component structure and refine message action flows	mixed	UNIVERSAL_REACT,CLIENT_SSR	2	apps/frontend/dashboard/src/features/agent-inbox/components/thread-detail/reply-composer.tsx; apps/frontend/dashboard/src/features/agent-inbox/components/thread-detail/contact-hover-card.tsx	Move module-scope navigator access to hydration-stable client state and validate timers, clipboard, hover popovers, reply modes, printing, and message actions.	semantic parity scenario
036	715c5e37f3a285bb95f08dd584835d82f8e56107	feat(inbox): introduce ImagePrivacyBanner in message body	dashboard-only	UNIVERSAL_REACT,CLIENT_SSR	1	apps/frontend/dashboard/src/features/agent-inbox/components/thread-detail/message-body.tsx	Portable client UI; preserve image privacy toggling and sanitized message rendering.	mechanical port
037	b2110f7271cfa8704a65715854d2644012eaea36	feat(inbox): implement inline reply composer anchoring and draft actions feedback	dashboard-only	UNIVERSAL_REACT,CLIENT_SSR	2	apps/frontend/dashboard/src/features/agent-inbox/components/thread-detail/reply-composer.tsx; apps/frontend/dashboard/src/features/agent-inbox/components/thread-detail/thread-detail.tsx	Retain inline/docked composer anchoring, focus timers, draft-action feedback, and close animations; validate keyboard-triggered reply paths.	semantic parity scenario
038	6c372d7afd9fda6fe0557ec8351f5136631ed820	refactor(compare): reorganize comparison components and enhance UI for Reloop vs Resend page	mixed	UNIVERSAL_REACT,TEST_DOCS	0	apps/frontend/dashboard/src/features/settings/billing/plans-page.tsx; apps/frontend/web/src/app/compare/components/comparison-matrix.tsx	Dashboard portion is portable sticky-header styling; retain as-is while leaving unrelated web changes untouched.	preserved by ancestry
039	5b5f647f79e09600c5cc764fee062c521fded506	feat(inbox): refine composer styles and update mailbox rail UI	dashboard-only	UNIVERSAL_REACT,CLIENT_SSR	1	apps/frontend/dashboard/src/features/agent-inbox/components/mailbox-rail.tsx; apps/frontend/dashboard/src/features/agent-inbox/components/thread-detail/reply-composer.tsx	Portable UI refinement; retain under the inbox client boundary and ignore generated route-tree noise.	mechanical port
040	efe8df911dbad02647d8f3177577f7137377e5e4	style(inbox): use Tailwind v4 CSS variable utility syntax for You badges	dashboard-only	UNIVERSAL_REACT	0	apps/frontend/dashboard/src/features/agent-inbox/components/thread-detail/contact-hover-card.tsx	Pure styling syntax update; carry forward as-is.	preserved by ancestry
041	2e8c24ca4b0137f306a202fd503b30c454f10d26	style(inbox): refine DetailsRow layout and alignment in zero-mail-display popover	dashboard-only	UNIVERSAL_REACT	0	apps/frontend/dashboard/src/features/agent-inbox/components/thread-detail/zero-mail-display.tsx	Pure layout/style update; carry forward as-is.	preserved by ancestry
042	b3ca527702948027a83bb236d9ea3f2182b08eb4	style(inbox): remove command palette icon background, reduce gap, and adjust footer logo	dashboard-only	UNIVERSAL_REACT	0	apps/frontend/dashboard/src/features/agent-inbox/components/inbox-command-palette.tsx	Pure command-palette styling update; carry forward as-is.	preserved by ancestry
043	c186b5f6176af3c01b45675c0de290def05e5a24	feat(inbox): support compose draft kinds, restructure agent inbox components, and clean up layouts	mixed	UNIVERSAL_REACT,ROUTER_LAYOUT,CLIENT_SSR,SHARED_BACKEND,TEST_DOCS	3	apps/frontend/dashboard/src/features/agent-inbox/pages/mailbox-layout.tsx; apps/frontend/dashboard/src/router.tsx; apps/frontend/dashboard/src/features/agent-inbox/hooks/use-draft-autosave.ts; packages/db/migrations/0001_compose_draft_kind.sql	Recreate inbox provider/layout/not-found lifetimes with nested Next layouts, port draft URL state and navigation, preserve autosave timers, and keep the backend/schema draft-kind contract and tests.	blocking migration requirement
044	9745be4ffc8fdd0d86a2385ffa74153212333014	feat(local): add one-command bun setup for local development	none	ENV_BUILD_DEPLOY,SHARED_BACKEND,TEST_DOCS	0	local/bootstrap.sh; package.json; apps/frontend/docs/content/docs/setup/index.mdx	Repository setup work remains on current main; ensure the restored Next dashboard still participates in the existing root dev/start scripts.	preserved by ancestry
045	d859dedc16ddc7d31d95885d6000bd535d3d1f32	refactor: standardize documentation format and navigation across all setup guides	none	TEST_DOCS	0	apps/frontend/docs/content/docs/setup/backend/auth.mdx; apps/frontend/docs/content/docs/setup/frontend/dashboard.mdx	Docs-only; no code migration action, but update dashboard framework wording in the final documentation pass.	preserved by ancestry
046	282ca361f9eb281c08f8a143c6a7fd07f0c8e641	refactor: update documentation sidebar UI with updated aesthetics, layout refinements, and added section metadata.	none	UNIVERSAL_REACT,TEST_DOCS	0	apps/frontend/docs/src/components/docs/sidebar.tsx; apps/frontend/docs/src/app/global.css	Docs-app-only UI; no dashboard migration action.	preserved by ancestry
047	e7446f61698eebf51491ee2fe6310954399f0af4	feat: add shapes icon to sprite and icon names registry	none	UNIVERSAL_REACT,SHARED_BACKEND	0	packages/ui/src/components/icons-sprite.tsx; apps/frontend/docs/src/lib/reloop-icon-names.ts	Shared icon addition is framework-neutral; retain it in the current shared package.	preserved by ancestry
048	5e5088bee74b44e61c5b8b65644f3c96572b61c2	feat: instrument domain verification worker with job logs and structured error reporting	none	SHARED_BACKEND	0	apps/backend/workflow/src/handlers/domain-verification.handler.ts; apps/backend/workflow/src/queues/workflow.worker.ts	Backend-only; no dashboard migration action.	preserved by ancestry
049	8e5b2ada37a433b9eabf2ff4762f2767c1468714	refactor: unify workflow job failure handling and logging with shared `WorkflowJob` helpers	none	SHARED_BACKEND,TEST_DOCS	0	apps/backend/workflow/src/queues/workflow.worker.ts; apps/backend/workflow/README.md	Backend-only workflow error handling; no dashboard migration action.	preserved by ancestry
050	f2d657b3163b1deac98b2b8109a96143652eb884	feat: add workflow job utilities and failure handling logic for BullMQ jobs	none	SHARED_BACKEND	0	apps/backend/workflow/src/queues/workflow-job.ts	Backend-only utility; no dashboard migration action.	preserved by ancestry
051	61a91aa955247e6b9ec6ba6b361651ec4357ce00	feat: fetch domain owner from database to send verification email to user instead of admin	none	SHARED_BACKEND	0	apps/backend/email/src/subscribers/domain.subscriber.ts	Backend-only notification recipient correction; no dashboard migration action.	preserved by ancestry
052	ded687b0140a72bce705a7ab3b0d10a894a9e76f	refactor: update SDK code samples to use standardized property names and naming conventions	mixed	UNIVERSAL_REACT,SHARED_BACKEND,TEST_DOCS	0	apps/frontend/dashboard/src/components/api-details/contacts-code-examples.ts; apps/backend/contacts/src/routes/contact/update-contact/update-contact.x-codeSamples.ts	Dashboard code-sample data is portable; keep it synchronized with backend/docs sources.	preserved by ancestry
053	8db2ee22f2d177ba4488050f8be09596d40bba77	refactor: replace comparison tabs with a new matrix component and redesign the Resend infrastructure diagram	none	UNIVERSAL_REACT,TEST_DOCS	0	apps/frontend/web/src/app/compare/components/comparison-matrix.tsx; apps/frontend/docs/src/lib/watcher-trigger.ts	Outside dashboard; no migration action.	preserved by ancestry
054	b62945025fc9a3a39709ddbb38ecc1206e9fc4c1	feat: implement authSession middleware, update domain API documentation, and sync SDK code samples	none	TEST_DOCS	0	apps/frontend/docs/src/lib/watcher-trigger.ts	Generated docs trigger only; no migration action.	preserved by ancestry
055	0a6fff307850203af6b6fdf96cc4c963f690b55e	feat: implement authSession middleware, update domain API documentation, and sync SDK code samples	mixed	UNIVERSAL_REACT,SHARED_BACKEND,TEST_DOCS	0	apps/frontend/dashboard/src/components/api-details/domain-code-examples.ts; packages/auth/src/middleware/plugin/create-auth-plugin.ts; packages/auth/test/middleware.plugin.test.ts	Keep dashboard samples and shared authSession middleware/tests exactly as current; no framework translation is required for those changes.	preserved by ancestry
056	3e96e0f2f4d1d9d0923ec223b6a993b55085c122	refactor: standardize global scrollbar styles with custom inset thin scrollbars and simplified utility classes	mixed	UNIVERSAL_REACT,SHARED_BACKEND,TEST_DOCS	0	apps/frontend/dashboard/src/features/dashboard/sidebar/main-sidebar.tsx; packages/tailwind/style.css	Shared scrollbar/style change is portable; retain current classes and shared CSS.	preserved by ancestry
057	1ec587d8c82688ebc9d91a0a03ec3f69ce31bde2	refactor: replace code-hike/lighter with custom syntax highlighting logic and standardize X-CodeSamples usage across API routes.	mixed	UNIVERSAL_REACT,CLIENT_SSR,SHARED_BACKEND,TEST_DOCS	2	apps/frontend/dashboard/src/features/onboarding/step4/bright-code.tsx; packages/ui/src/components/code-block.tsx; apps/frontend/dashboard/package.json	Retain the shared client CodeBlock and Bright dependency placement; verify theme hydration, async highlighting, line numbers, and dashboard onboarding/SMTP rendering in Next.	semantic parity scenario
058	1afcd7131b5aa0c33c22af9637561b720637f72c	refactor: update Go SDK import path and standardize snippet code across all languages	dashboard-only	UNIVERSAL_REACT	0	apps/frontend/dashboard/src/features/onboarding/step4/snippets.ts	Portable code-sample strings; carry forward as-is.	preserved by ancestry
059	de8eb23e6d39e1965d53e65594cf3a6b6f00edd5	refactor: update SDK sample signatures to include mail and standardize return variable naming across documentation and code samples	mixed	UNIVERSAL_REACT,SHARED_BACKEND,TEST_DOCS,ENV_BUILD_DEPLOY	0	apps/frontend/dashboard/src/features/onboarding/step4/snippets.ts; .github/workflows/sdk-samples-sync.yml	Preserve synchronized SDK samples and workflow; no framework-specific translation.	preserved by ancestry
060	f769765881e4bd088946cb620cd7db679c517d06	feat: generate and sync API code samples for all inbox mailbox, message, and thread routes	none	SHARED_BACKEND,TEST_DOCS	0	apps/backend/inbox/src/routes/messages/send-message/send-message.x-codeSamples.ts; apps/frontend/docs/scripts/sync-code-samples-from-source.ts	Backend/docs sample generation only; no dashboard migration action.	preserved by ancestry
061	edbd14408f3ec736214b26a0f653f33df5ea6302	feat: migrate Rspamd to a dedicated backend service with custom Dockerfile and CI workflow	none	SHARED_BACKEND,ENV_BUILD_DEPLOY,TEST_DOCS	0	apps/backend/spam/Dockerfile; .github/workflows/be-spam.yml; local/docker-compose.yml	Independent backend service/deploy change; no dashboard migration action.	preserved by ancestry
062	56b5c3a69dc90172e6f7929bcc8facf85f9c61df	feat: configure Rspamd Redis via environment variables and add Coolify deployment trigger to CI	none	SHARED_BACKEND,ENV_BUILD_DEPLOY,TEST_DOCS	0	apps/backend/spam/local.d/redis.conf; .github/workflows/be-spam.yml	Independent spam-service environment/deployment change; no dashboard migration action.	preserved by ancestry
063	5227a8f3e26b0f4855dba0dc7b6b57aad69ba442	chore: add be-spam workspace, upgrade drizzle-kit, and replace esbuild-register with tsx	none	SHARED_BACKEND,ENV_BUILD_DEPLOY	0	package.json; packages/db/migrations/meta/_journal.json	Root tooling/dependency update remains on current main; preserve the current lock/catalog while changing dashboard framework packages.	preserved by ancestry
064	d7da406218e074f6ec6a55bbabf8f06a7d83d96f	refactor: integrate DNSRecordsSection into setup page and add optional configuration for banner visibility	dashboard-only	UNIVERSAL_REACT	0	apps/frontend/dashboard/src/features/domain/add/setup/page.tsx; apps/frontend/dashboard/src/features/domain/detail/components/dns-records-section.tsx	Portable component composition; retain the shared DNSRecordsSection and banner visibility options.	preserved by ancestry
065	6498086413a67f1a32f2eb848dee12c1c861dad1	refactor: update DNS auto-connect banner components to use new hooks and improve loading state handling	mixed	STALE_NEXT,UNIVERSAL_REACT,CLIENT_SSR,TEST_DOCS	3	apps/frontend/dashboard/src/app/(protected)/(layout)/domain/[domainId]/components/dns-auto-connect-banner.tsx; apps/frontend/dashboard/src/features/domain/detail/hooks/use-domain-connect.ts; apps/frontend/dashboard/src/features/onboarding/step3/dns-auto-connect-banner.tsx	Treat current src/features implementations as authoritative; compare the stale Next file for unique behavior, then port live Domain Connect actions/loading and correct credentials/endpoints into the new route.	blocking migration requirement
066	6a9eeabf6e8a4e0746acdb8731dd916d802900a0	feat: implement admin global search and user management features with new UI components for metrics, status, and navigation	mixed	UNIVERSAL_REACT,SHARED_BACKEND	0	apps/backend/admin/src/routes/admin/search/search.route.ts; apps/frontend/console/src/app/(protected)/(layout)/users/[userId]/page.tsx	Admin backend/console work is outside the dashboard; retain unchanged.	preserved by ancestry
067	bcbaba98089f9f9128e6f614c7e81b1562e837c7	chore: update API code samples to Python SDK v2 across all backend routes and frontend documentation	mixed	UNIVERSAL_REACT,SHARED_BACKEND,TEST_DOCS	0	apps/frontend/dashboard/src/components/api-details/api-keys-code-examples.ts; apps/frontend/dashboard/src/features/onboarding/step4/snippets.ts	Portable code-sample data; preserve the current Python SDK v2 samples and sync outputs.	preserved by ancestry
068	421af5ff505b0c54d8abddced28357e496984a1a	docs(setup): remove database schema section and docs	none	TEST_DOCS	0	apps/frontend/docs/content/docs/setup/database-schema/auth.mdx	Docs deletion only; no dashboard migration action.	preserved by ancestry
069	fbb2f6cbe6a0b5fc1dbfde18dff4ad37746d151a	Add Java/PHP SDK v2 sample sync and refresh docs. (#81)	mixed	UNIVERSAL_REACT,SHARED_BACKEND,TEST_DOCS,ENV_BUILD_DEPLOY	0	apps/frontend/dashboard/src/components/api-details/api-keys-code-examples.ts; package.json	Portable sample/catalog change; preserve current Java/PHP SDK v2 samples and dependency catalog.	preserved by ancestry
070	6d8b7654cd05769c8ceedd388f8459ebf52361cc	Updated the docs for api-keys	none	TEST_DOCS	0	apps/frontend/docs/content/docs/learn/api-keys/index.mdx	Docs-only; no dashboard migration action.	preserved by ancestry
071	3efb90eaf447d5288ebce1d17cb15e24cd5d870e	refactor: enhance contact listing and status update functionality	mixed	UNIVERSAL_REACT,SHARED_BACKEND,TEST_DOCS	2	apps/frontend/dashboard/src/features/contacts/hooks/use-contacts-query.ts; apps/frontend/dashboard/src/features/contacts/components/contacts/contact-dropdown.tsx; apps/backend/contacts/src/routes/contact/list-contacts/list-contacts.controllers.ts	Keep stable backend ordering and in-place React Query cache updates; mechanically port navigation and test filtered/unfiltered status changes without row reordering.	semantic parity scenario
072	c25e5d8c0c35ed530b3be115c877eb449360e841	docs: enhance contact management documentation with FAQs and improved descriptions	none	TEST_DOCS	0	apps/frontend/docs/content/docs/learn/contacts/index.mdx; apps/frontend/docs/src/app/[[...slug]]/page.tsx	Docs-only; no dashboard migration action.	preserved by ancestry
073	c104005d66a8437ee2afac86d0c344c29ac4bbac	Performanse improvement in the dashboard for the initial load	dashboard-only	UNIVERSAL_REACT,ROUTER_LAYOUT,CLIENT_SSR,ENV_BUILD_DEPLOY	3	apps/frontend/dashboard/src/routes/_dashboard.tsx; apps/frontend/dashboard/src/features/auth/session-query.ts; apps/frontend/dashboard/src/features/dashboard/page-header/use-active-organization.ts; apps/frontend/dashboard/server/plugins/tsd-basepath.ts	Port the browser-only auth guard and persistent organization provider into Next layouts, retain skeleton/lazy-loading/query-limit optimizations, and delete rather than translate the Vite devtools plugin.	blocking migration requirement
074	592e42f822a5630235130ac48e2652372402f2ab	Add icons to API details drawers	dashboard-only	UNIVERSAL_REACT	0	apps/frontend/dashboard/src/components/api-details/api-details-drawer.tsx; apps/frontend/dashboard/src/components/api-details/domain.tsx	Portable React/icon change; carry forward as-is.	preserved by ancestry
075	a4e4b9b25478a4ae8aaea6c43701c6d67679819e	Use Pulse Loader For Dashboard Loading	dashboard-only	UNIVERSAL_REACT,CLIENT_SSR	1	apps/frontend/dashboard/src/features/dashboard/dashboard-content-skeleton.tsx	This intermediate loader is superseded by commit 91; preserve the current LoadingDot implementation rather than reintroducing @dot-loaders/react.	mechanical port
076	e28d3e477ca541359c0e4c14a02f3c73c2c84621	Prevent Duplicate Domain Verification Events	none	SHARED_BACKEND	0	apps/backend/workflow/src/handlers/domain-verification.handler.ts	Backend-only duplicate-event guard; no dashboard migration action.	preserved by ancestry
077	e3cd10755795fd1875d93ea0cba694a67e606e76	Expand DNS configuration emails and metadata	none	SHARED_BACKEND	0	apps/backend/email/emails/dns-config.tsx; packages/bus/src/types.ts	Backend email/shared event contract only; no dashboard framework action.	preserved by ancestry
078	01c8da1d7e86ceacda84a3ce4e26889d4e7ab3e7	docs: clean up contacts documentation by removing unnecessary line breaks	none	TEST_DOCS	0	apps/frontend/docs/content/docs/learn/contacts/index.mdx	Docs-only; no migration action.	preserved by ancestry
079	c33284d10d681d48bbcc7fd1cf3d1c1cad13c419	docs: update contacts documentation and improve slug generation	none	UNIVERSAL_REACT,TEST_DOCS	0	apps/frontend/docs/src/components/mdx/CodeSamples.tsx; apps/frontend/docs/src/mdx-components.tsx	Docs-app React and slugging only; no dashboard migration action.	preserved by ancestry
080	b40d7523cf31cde06efde44c0d6fae1286728aba	feat: implement inline editing for contacts with new edit contact form and row panel	dashboard-only	UNIVERSAL_REACT,CLIENT_SSR	1	apps/frontend/dashboard/src/features/contacts/components/contacts/contact-table.tsx; apps/frontend/dashboard/src/features/contacts/components/contacts/edit-contact-row-panel.tsx	Carry the inline editor as client React; verify row animation, focus/keyboard handling, data loading, save, close, and modal fallback.	mechanical port
081	fd476eac04e030dae4681861b6791801c0f0da0f	refactor: update edit contact form to handle cleared fields and always send properties	dashboard-only	UNIVERSAL_REACT	0	apps/frontend/dashboard/src/features/contacts/components/contacts/edit-contact-form.tsx	Portable form payload correction; retain cleared fields and always-send-properties behavior.	preserved by ancestry
082	6d18697e4893239e6272c580be4af91989f43c40	docs: enhance contacts documentation with additional FAQs and update images	none	TEST_DOCS	0	apps/frontend/docs/content/docs/learn/contacts/index.mdx	Docs/assets only; no dashboard migration action.	preserved by ancestry
083	ef1893634b7a915d79acbc50a83b3bfceddd4e14	Redesign Webhook Delivery Pipeline	mixed	UNIVERSAL_REACT,SHARED_BACKEND,TEST_DOCS	2	apps/frontend/dashboard/src/features/webhooks/components/trigger-webhook-tester.tsx; apps/backend/workflow/src/queues/webhook-delivery.worker.ts; packages/webhook-delivery/src/http-client.ts; packages/db/migrations/0002_webhook_redesign.sql	Preserve the redesigned delivery schema/protocol and portable selector/tester UI; validate create, trigger, delivery history, retry schedule, signing, and error states end to end.	semantic parity scenario
084	1ae2e7d0f21721167bc7f5dce9a02c70a2f9ce70	feat: add edit property form and integrate with modal and row panel for improved contact property management	mixed	UNIVERSAL_REACT,CLIENT_SSR,TEST_DOCS	1	apps/frontend/dashboard/src/features/contacts/components/properties/property-table.tsx; apps/frontend/dashboard/src/features/contacts/components/properties/edit-property-row-panel.tsx	Carry the inline property editor under a client boundary and verify row-panel/modal edit behavior.	mechanical port
085	1c814bd6207a193712957e6093db09edbec00430	feat: implement AI stream generation endpoint and fix formatting in code samples	none	SHARED_BACKEND,TEST_DOCS	0	apps/backend/template/src/routes/template/ai/ai.route.ts; apps/backend/template/test/ai.test.ts	Backend streaming endpoint and tests are retained on current main; no dashboard framework action yet.	preserved by ancestry
086	aa4df908cde98d3ec748fce232379f5a83c630b1	feat: integrate Google AI SDK and add AI content generator panel to editor	mixed	UNIVERSAL_REACT,ROUTER_LAYOUT,CLIENT_SSR,SHARED_BACKEND	2	apps/frontend/dashboard/src/features/templates/components/ai-generate-modal.tsx; apps/frontend/dashboard/src/features/templates/editor/template-editor-page.tsx; apps/backend/template/src/routes/template/ai/ai.controllers.ts	Port editor/list links and navigation, keep Tiptap/Yjs/editor modules client-only, and validate AI generation, collaboration, preview, versioning, and template navigation.	semantic parity scenario
087	0047c45f197d87fc570eb68ca21d4a153046e169	refactor: improve AI streaming reliability, add explicit credential handling, and persist template content updates	mixed	UNIVERSAL_REACT,CLIENT_SSR,SHARED_BACKEND	2	apps/frontend/dashboard/src/features/templates/components/ai-generate-modal.tsx; apps/frontend/dashboard/src/features/templates/editor/editor-sidebar-panels.tsx; apps/backend/template/src/routes/template/ai/ai.route.ts	Preserve streaming Response handling, credentialed fetches, initial-version creation, and content persistence; test failure parsing and streamed generation through the Next proxy.	semantic parity scenario
088	f6f73205b53dd01cf0feb09a64b89c8a362d24b1	feat: add Google Gemma 2 and Ollama AI endpoint support to inbox AI routes	none	SHARED_BACKEND,TEST_DOCS	0	apps/backend/inbox/src/routes/ai/ai.controllers.ts; scripts/test-gemma-inbox-ai-route.ts	Backend AI provider fallback only; no dashboard migration action.	preserved by ancestry
089	606fe7bff4c9033e5cf525a842aedafb7cfb1af6	feat: integrate AI SDK packages and update dependency catalogs for backend and frontend dashboard	mixed	SHARED_BACKEND,ENV_BUILD_DEPLOY	1	apps/frontend/dashboard/package.json; apps/backend/inbox/package.json; package.json	Keep AI SDK packages in the current catalog sections while replacing only TanStack/Vite/Nitro dashboard dependencies.	mechanical port
090	562e5a409414ebdcbef149aa68337a6679f1767f	feat: switch default Gemma model to gemma2:9b	none	SHARED_BACKEND,TEST_DOCS	0	apps/backend/inbox/src/inbox.config.ts; scripts/test-gemma-reloop-template.ts	Backend model default/test script only; no dashboard migration action.	preserved by ancestry
091	02ae89f9ba557510dfcb20b9b0f848825f96ddec	feat: implement dot matrix animation system and integrate new AI sparkle buttons into compose modal	mixed	UNIVERSAL_REACT,CLIENT_SSR,ENV_BUILD_DEPLOY	2	apps/frontend/dashboard/src/components/ui/dotmatrix-hooks.ts; apps/frontend/dashboard/src/features/agent-inbox/components/shared/loading-dot.tsx; apps/frontend/dashboard/src/features/auth/auth-session-loader.tsx	Retain the dot-matrix system and explicit client boundaries, but replace random render-time loader selection with hydration-stable selection; validate reduced motion, loading states, and AI sparkle interactions.	semantic parity scenario
092	194bf4ba2c7d9a0537eb5f4b5dd2d50ece5cfca5	docs: expand contacts documentation with additional FAQs and update property management images	none	TEST_DOCS	0	apps/frontend/docs/content/docs/learn/contacts/properties.mdx	Documentation-only; preserve current docs with no dashboard migration work.	preserved by ancestry
093	6fa77de305c7dbab387269bcd672122092904da0	chore: update bun.lock to remove deprecated @dot-loaders/react entry and add it to package.json with version ^0.1.0	none	ENV_BUILD_DEPLOY	1	package.json,bun.lock	Keep the current root catalog and lockfile state; do not restore dependency placement from the pre-migration tree.	mechanical port
094	31b380326ff419cda72012ba794fd20badc2a48b	feat: implement AI reply generation with context, add email metadata support, and introduce NATS/database-level inbound email deduplication.	mixed	UNIVERSAL_REACT,SHARED_BACKEND	2	apps/frontend/dashboard/src/features/agent-inbox/components/thread-detail/reply-composer.tsx,apps/backend/inbox/src/routes/ai/ai.controllers.ts	Keep the current React composer and backend contract together; validate contextual AI reply generation, metadata hydration, and deduplication end to end.	semantic parity scenario
095	77042f7ec0bcdf6620a488c55002a6ed4fce748b	feat: enhance group management in contacts by adding delete functionality, updating documentation with new FAQs, and improving UI images for group operations	mixed	UNIVERSAL_REACT,ROUTER_LAYOUT,TEST_DOCS	2	apps/frontend/dashboard/src/features/contacts/components/groups/group-table.tsx,apps/frontend/docs/content/docs/learn/contacts/groups.mdx	Carry the React table as-is; port group-detail navigation and the modal/id Nuqs URL update to the Next navigation adapter and test deletion from the table.	semantic parity scenario
096	5c9461fbc0d77010a5490c741761b2ad8b261a10	feat: implement streaming text/plain response support for AI drafting with improved UI status indicators and utility helpers.	mixed	UNIVERSAL_REACT,CLIENT_SSR,SHARED_BACKEND	2	apps/frontend/dashboard/src/features/agent-inbox/lib/read-ai-text-stream.ts,apps/backend/inbox/src/routes/ai/ai.controllers.ts	Preserve the streaming protocol and React UI; place it below a client boundary and test streaming, abort, keyboard listeners, timers, saved drafts, and fallback streams.	semantic parity scenario
097	2e23a6f7f7784a5cc015ccb07d1a3308cdf377b7	docs: update contacts group deletion image and modify timestamp in watcher-trigger	none	TEST_DOCS	0	apps/frontend/docs/content/docs/learn/contacts/groups.mdx,apps/frontend/docs/src/lib/watcher-trigger.ts	Documentation/tooling-only; no dashboard migration action.	preserved by ancestry
098	465018a9d6dc4fe747fab0d5bf59c694ff01aee5	refactor: remove loading state from AiSparkleButton and hide component during active AI generation	dashboard-only	UNIVERSAL_REACT	1	apps/frontend/dashboard/src/features/agent-inbox/components/compose/ai-sparkle-button.tsx	Portable React behavior; retain the current visibility/loading rules under the inbox client boundary.	mechanical port
099	828eee08e292c8023a57cd963f1313dfc8200a87	feat: add animated transitions to AI compose preview and thinking status using framer-motion	dashboard-only	UNIVERSAL_REACT	1	apps/frontend/dashboard/src/features/agent-inbox/components/compose/ai-compose-preview.tsx	Portable React animation; retain reduced-motion behavior and add only the enclosing client boundary required by Framer Motion.	mechanical port
100	e456916ac63b4e5628cbb5deac570c527decc681	feat: add entry/exit animations to the thread saved draft bar and improve interaction feedback	dashboard-only	UNIVERSAL_REACT	1	apps/frontend/dashboard/src/features/agent-inbox/components/thread-detail/thread-saved-draft-bar.tsx	Portable React animation and saved-draft presentation; preserve within the existing inbox client subtree.	mechanical port
101	0cb3797069b1b92a80c14ee5538ee469b972219f	feat: enhance Domain Connect flow by adding error handling for missing signing key and updating apply URL handling to open in a new tab	mixed	UNIVERSAL_REACT,CLIENT_SSR,SHARED_BACKEND	2	apps/frontend/dashboard/src/features/domain/detail/hooks/use-domain-connect.ts,apps/backend/domain/src/routes/domain-connect/apply-url/apply-url.controllers.ts	Preserve the signing-key failure and sig ordering; keep popup-open plus same-tab fallback in a client hook and test both browser outcomes.	semantic parity scenario
102	6f7cb1e5897cb612c45c368c0b4421cdc57bf5e6	refactor: replace inline AI state with centralized AiDraftPhase and optimize UI for streaming draft reviews	dashboard-only	UNIVERSAL_REACT	1	apps/frontend/dashboard/src/features/agent-inbox/components/compose/ai-draft-phase.ts,apps/frontend/dashboard/src/features/agent-inbox/components/compose/compose-modal.tsx	Portable React state refactor; preserve the current thinking, streaming, review, accept, and undo phases.	mechanical port
103	231cfeb9e4f93d4eb66d866ed794fea93bdc31c1	refactor: replace AiComposePreview with AiComposerSlot and implement automatic draft acceptance on editor interaction	dashboard-only	UNIVERSAL_REACT,CLIENT_SSR	2	apps/frontend/dashboard/src/features/agent-inbox/components/compose/ai-composer-slot.tsx,apps/frontend/dashboard/src/features/agent-inbox/components/thread-detail/reply-composer.tsx	Keep the portable component; verify window key listeners, editor-interaction auto-accept, remount timing, undo, and cleanup after Next hydration.	semantic parity scenario
104	9c525a094c1a7521669869cddce86a45e733faf7	feat: implement AI think-delay stream buffer and replace Esc key with circular stop button in composer UI	dashboard-only	UNIVERSAL_REACT,CLIENT_SSR	2	apps/frontend/dashboard/src/features/agent-inbox/lib/read-ai-text-stream-after-think.ts,apps/frontend/dashboard/src/features/agent-inbox/components/compose/ai-stop-button.tsx	Preserve the client stream buffer and stop UI; validate delayed reveal, abort cleanup, timer cleanup, and Esc/stop behavior.	semantic parity scenario
105	e9f77c753eed83bed2033c9fe557394396e45082	fix: normalize multiline PEM format for signing key and update signature encoding to standard Base64 in Domain Connect flow	none	SHARED_BACKEND,TEST_DOCS	0	apps/backend/domain/src/domain.config.ts,apps/backend/domain/test/domain-connect-signer.test.ts	Backend-only and already retained by branching from main; keep its test unchanged.	preserved by ancestry
106	8f804de20d71d960b72978bf818d0ac6976187ed	refactor: standardize AI generator to use Gemma 2 9B model and remove legacy modal	mixed	UNIVERSAL_REACT,ROUTER_LAYOUT,SHARED_BACKEND,TEST_DOCS	1	apps/frontend/dashboard/src/features/templates/components/ai-generate-modal.tsx,apps/frontend/dashboard/src/features/templates/editor/editor-sidebar-panels.tsx,apps/backend/template/src/routes/template/ai/ai.controllers.ts	Preserve the removal of the legacy route-navigating modal and keep the current in-editor generator plus backend model contract; no deleted TanStack navigation should be recreated.	mechanical port
107	3d8f84ccbec4c2b2af1d5dce10d23795aed7b7ba	feat: unify template variable normalization and support both double and triple brace syntax across frontend and backend	mixed	UNIVERSAL_REACT,CLIENT_SSR,SHARED_BACKEND,TEST_DOCS	2	apps/frontend/dashboard/src/features/templates/lib/template-variables.ts,apps/backend/template/src/utils/extract-variables.ts	Preserve the shared normalization semantics in both layers; validate double/triple braces, existing-variable reuse, editor updates, and deferred browser updates.	semantic parity scenario
108	6a9ca08955ee64ca6769bb5860f54845920ad18e	refactor: update template UI components with refreshed styling, status badges, and dropdown menus	dashboard-only	UNIVERSAL_REACT	1	apps/frontend/dashboard/src/features/templates/components/template-grid.tsx,apps/frontend/dashboard/src/features/logs/log-table.tsx	Portable React/UI work; retain current components and date/status behavior under feature client boundaries.	mechanical port
109	476ed5ccef1fd0986d38ce3187ef570688ca41fe	refactor: replace lucide-react icons with UI system icons and migrate component styles to semantic design tokens	mixed	UNIVERSAL_REACT,SHARED_BACKEND	1	apps/frontend/dashboard/src/features/templates/editor/editor-toolbar.tsx,packages/tailwind/style.css	Preserve current icon imports, semantic tokens, and shared styles; no framework-specific rewrite beyond client boundaries.	mechanical port
110	d3734afec31c7b0e9426d4094db123fa4d816ad2	refactor: migrate UI icons to ReLoop icon system, update typography controls with glyphs, and optimize dependencies	mixed	UNIVERSAL_REACT,ROUTER_LAYOUT,SHARED_BACKEND	1	apps/frontend/dashboard/src/features/logs/log-detail-panel.tsx,apps/frontend/dashboard/src/features/templates/editor/inspector/typography/mark-controls.tsx	The UI work is portable; mechanically convert the unchanged log-detail TanStack Link to a Next href while preserving its logId parameter.	mechanical port
111	61be7a1b51bd62c4b6115d55c7209a71dc76abdd	refactor: replace legacy AI generator with full agentic workflow including planning, chat, and multi-step composition	mixed	UNIVERSAL_REACT,CLIENT_SSR,SHARED_BACKEND	2	apps/frontend/dashboard/src/features/templates/editor/ai/use-template-ai-agent.ts,apps/backend/template/src/routes/template/ai/agent/agent.controllers.ts	Preserve the full current workflow; validate SSE sequencing, cancellation, uploads/object-URL cleanup, editor snapshot/application, and client-only APIs under Next.	semantic parity scenario
112	83c792ed47e290eb6797d631cc4cec3d03268dc8	feat: implement multimodal AI agent support with image attachments, session persistence, and enhanced editor interaction workflows.	mixed	UNIVERSAL_REACT,CLIENT_SSR,SHARED_BACKEND	2	apps/frontend/dashboard/src/features/templates/editor/ai/ai-composer.tsx,apps/backend/template/src/routes/template/ai/agent/tools.ts	Keep frontend attachment UI and backend vision capability paired; validate upload references, persistence, capability warnings, and editor interaction.	semantic parity scenario
113	51ebc12e59d29ed63dc1de3b263bc9bf1ddc7b3a	feat: add retry functionality and confirmation modal for AI content application	dashboard-only	UNIVERSAL_REACT,CLIENT_SSR	2	apps/frontend/dashboard/src/features/templates/editor/ai/ai-storage.ts,apps/frontend/dashboard/src/features/templates/editor/ai/ai-apply-modal.tsx	Retain sessionStorage keys and modal/retry state; ensure the template client boundary prevents server access and test reload, replace confirmation, undo, retry, and key listener cleanup.	semantic parity scenario
114	d76f0d0e7ebfcbe0c770c2f2cf3e86a2216c967f	refactor: implement output validation to prevent AI agent prompt leakage into email templates	mixed	UNIVERSAL_REACT,SHARED_BACKEND	2	apps/frontend/dashboard/src/features/templates/editor/ai/ai-panel.tsx,apps/backend/template/src/routes/template/ai/agent/tools.ts	Preserve backend rejection and frontend refusal as one invariant; test leaked-prompt, escaped-tag, empty, and valid HTML cases.	semantic parity scenario
115	99bc34d3065c250fdf13042f5356f79186f97267	refactor: standardize subject line extraction and improve AI text streaming logic for composer modals	mixed	UNIVERSAL_REACT,CLIENT_SSR,SHARED_BACKEND	2	apps/frontend/dashboard/src/features/agent-inbox/lib/read-ai-text-stream-after-think.ts,apps/backend/inbox/src/routes/ai/ai.controllers.ts	Keep subject stripping and stream parsing aligned; validate Subject-prefix extraction, body-only editor content, abort handling, and global timer cleanup.	semantic parity scenario
116	35227cd90312546cdb498cb0d613bac23859eb86	feat: enable thread lookup by inbound email or message ID and update frontend to handle fallback thread identifiers	mixed	UNIVERSAL_REACT,SHARED_BACKEND	2	apps/frontend/dashboard/src/features/agent-inbox/components/thread-detail/thread-detail.tsx,apps/backend/inbox/src/routes/threads/get-thread/get-thread.controllers.ts	Preserve fallback identifier resolution and the frontend canonical-thread usage; test thread, inbound-email, and message identifiers plus not-found behavior.	semantic parity scenario
117	bfd5c40fed32bb335597872051d27a418d3eb8cc	refactor: redesign contact email history timeline with updated status configuration and lifecycle parsing	dashboard-only	UNIVERSAL_REACT,ROUTER_LAYOUT	2	apps/frontend/dashboard/src/features/contacts/detail/contact-email-history.tsx	Carry the timeline React/query logic unchanged; port the email-detail Link to a Next dynamic href and validate lifecycle aggregation, infinite loading, and navigation.	semantic parity scenario
118	96407f7bcf06dd5fd8559cd39b5effbc324b3c1c	feat: add animated status transitions for API keys and update toggle icons	dashboard-only	UNIVERSAL_REACT	1	apps/frontend/dashboard/src/features/api-keys/detail/api-key-meta-grid.tsx	Portable React animation; retain enabled/disabled status semantics and icons.	mechanical port
119	78c1ed242e44fce2c32ad23bdf74b31aeac0457c	refactor: remove manual text confirmation requirement from delete modals for API keys and domains	dashboard-only	UNIVERSAL_REACT	2	apps/frontend/dashboard/src/features/api-keys/modals/delete-api-key-modal.tsx,apps/frontend/dashboard/src/features/domain/components/delete-domain.tsx	Preserve the current Enter-to-confirm and no-text-confirmation contract; include both destructive modals in parity tests.	semantic parity scenario
120	0e8fa8e9a962a85f1a213b73781b4b98dab27502	refactor: replace primary Button with destructive FancyButton in delete API key modal	dashboard-only	UNIVERSAL_REACT	1	apps/frontend/dashboard/src/features/api-keys/modals/delete-api-key-modal.tsx	Portable UI change; keep the destructive shared button variant.	mechanical port
121	9fb7dba54dfb00ed743d34a15b0485ae16a8671c	feat: enhance API key delete and rotate modal interactions with animated state transitions and refined layouts	dashboard-only	UNIVERSAL_REACT,CLIENT_SSR	2	apps/frontend/dashboard/src/features/api-keys/modals/delete-api-key-modal.tsx,apps/frontend/dashboard/src/features/api-keys/modals/rotate-api-key-modal/index.tsx	Preserve cached targets, delayed success state, invalidation, close behavior, and timers; verify modal state survives list invalidation and cleans up on unmount.	semantic parity scenario
122	cd5ab8a03011e4b3ab25e2f8b89fb663e5e41d6c	feat: implement temporary notification banner upon successful API key deletion	dashboard-only	UNIVERSAL_REACT,CLIENT_SSR	2	apps/frontend/dashboard/src/features/api-keys/list/api-key-list.tsx,apps/frontend/dashboard/src/features/api-keys/modals/delete-api-key-modal.tsx	Preserve the callback-carried deleted name and eight-second banner lifetime; keep the list layout mounted long enough for close and exit animations.	semantic parity scenario
123	94f951eb11904332bbd278e17a9adc8832873c60	feat: enhance API keys UI with a new sidebar, refresh capability, and updated styling for inputs, buttons, and table interactions.	dashboard-only	UNIVERSAL_REACT,ROUTER_LAYOUT,CLIENT_SSR	2	apps/frontend/dashboard/src/features/api-keys/list/api-key-list-header.tsx,apps/frontend/dashboard/src/features/api-keys/table/api-key-table.tsx	Keep the sidebar, manual invalidation, and external docs actions; preserve removal of row-click navigation rather than reintroducing it during router conversion.	semantic parity scenario
124	ad99a986337a791d6452dc7aac2367dac11c0a6f	refactor: modernize status and user filter dropdowns with updated styling and checkbox selection UI	dashboard-only	UNIVERSAL_REACT,CLIENT_SSR	1	apps/frontend/dashboard/src/features/api-keys/filters/base-ui-select.tsx	The Base UI select is portable and already declares a client boundary; preserve its render-trigger and selection semantics.	mechanical port
125	ca7d37be3cb88c291a33f7f8704fb31f3f230204	refactor: align SelectValue and SelectItem content using flex layout and shared components	dashboard-only	UNIVERSAL_REACT	1	apps/frontend/dashboard/src/features/api-keys/filters/custom-select.tsx	Portable component/layout work; preserve Base UI value/item alignment.	mechanical port
126	dab376684bcd7889b7aee0570ee94a22c4bfb50f	refactor: update API key UI documentation and remove redundant modal access	dashboard-only	UNIVERSAL_REACT	1	apps/frontend/dashboard/src/features/api-keys/common-use-cases-sidebar.tsx,apps/frontend/dashboard/src/features/api-keys/list/api-key-list-header.tsx	Portable copy/UI change; preserve removal of the redundant API details trigger.	mechanical port
127	7ee42c889cbc8cecb425827de1e139f95ca18741	feat: add renderTrigger support to ApiDetailsDrawer and use it in sidebar for API key navigation	dashboard-only	UNIVERSAL_REACT	1	apps/frontend/dashboard/src/components/api-details/api-details-drawer.tsx,apps/frontend/dashboard/src/features/api-keys/common-use-cases-sidebar.tsx	Preserve the framework-neutral renderTrigger API and drawer-open behavior unchanged.	mechanical port
128	e68ab1d0e90946a21bc1b751985b74887c55e3fb	feat: add language-specific SDK icons and update copy in API keys sidebar	mixed	UNIVERSAL_REACT,CLIENT_SSR,SHARED_BACKEND	1	apps/frontend/dashboard/src/features/dashboard/page-header/copy-prompt-button.tsx,packages/ui/src/components/icons-sprite.tsx	Keep SDK/icon UI and clipboard handler; ensure the page-header subtree is client-side and preserve timer cleanup behavior.	mechanical port
129	bd5387859e5468d6444b930d835a9bf671c04255	feat: add ChatGPT icon and refactor tool icons to support dynamic viewbox and custom styling	dashboard-only	UNIVERSAL_REACT	1	apps/frontend/dashboard/src/features/dashboard/page-header/copy-prompt-button.tsx	Portable SVG data and React rendering; preserve current viewboxes and icon set.	mechanical port
130	04d9ff942f1f86d92ebf0a221a3c4b0cb5a56277	feat: add cursor pointer to common use cases sidebar cards	dashboard-only	UNIVERSAL_REACT	1	apps/frontend/dashboard/src/features/api-keys/common-use-cases-sidebar.tsx	Portable styling-only change.	mechanical port
131	65ffc0e9645ce9c7322b54dea6a0653098c2c61a	feat: implement dedicated API key creation page and add minHeight prop to CopyCodeBlock	dashboard-only	UNIVERSAL_REACT,ROUTER_LAYOUT	3	apps/frontend/dashboard/src/routes/_dashboard/api-keys/create.tsx,apps/frontend/dashboard/src/features/api-keys/create/create-api-key-page.tsx	Recreate /api-keys/create as an authenticated dashboard App Router page with matching metadata; port cancel/create entry navigation and preserve one-time secret, SDK tabs, validation, and CopyCodeBlock API.	blocking migration requirement
132	85372c042dee9b59726b5f67353897e03ce09a26	fix: update icon color styling and implement navigation logic for api key creation flow	dashboard-only	UNIVERSAL_REACT,ROUTER_LAYOUT	2	apps/frontend/dashboard/src/features/api-keys/create/create-api-key-page.tsx	Port Continue to /api-keys/[apiKeyId] and its fallback to /api-keys using encoded Next href/navigation; preserve current cancel behavior separately.	semantic parity scenario
133	e34b51a61a408e10712e652ed55da231857ccc19	refactor: redesign API key rotation success modal with modernized layout and styling	dashboard-only	UNIVERSAL_REACT	1	apps/frontend/dashboard/src/features/api-keys/modals/rotate-api-key-modal/success-step.tsx	Portable React/UI work; retain one-time secret presentation.	mechanical port
134	1047b9dea3c79c6ecc5c4f6889c5c9ff1a77e646	feat: add framer-motion layout transitions and step animations to rotate API key modal	dashboard-only	UNIVERSAL_REACT	1	apps/frontend/dashboard/src/features/api-keys/modals/rotate-api-key-modal/index.tsx	Portable animation; keep it inside the modal client subtree.	mechanical port
135	5a87998fcd1dbf409a77bf691753a4a03131ff0a	feat: add ghost variant to fancy-button and update small button border radius to rounded-xl	none	SHARED_BACKEND	0	packages/ui/src/components/fancy-button.tsx	Shared UI-only change is already inherited from main.	preserved by ancestry
136	1f60a427a38ee05d31f661e5a88a4de78fbe722e	refactor: lift modal header into parent component to enable fluid layout transitions between steps	dashboard-only	UNIVERSAL_REACT	1	apps/frontend/dashboard/src/features/api-keys/modals/rotate-api-key-modal/index.tsx	Portable component-state refactor; preserve header transition and step copy.	mechanical port
137	045c5ad28b6158771d496df5cf9ca19dace301a3	refactor: move rotate-api-key-modal footer actions to the main parent component	dashboard-only	UNIVERSAL_REACT	1	apps/frontend/dashboard/src/features/api-keys/modals/rotate-api-key-modal/index.tsx	Portable component-state refactor; preserve disabled and step-specific footer behavior.	mechanical port
138	3fde03415aac358ddd9dc475938b426f0883b03b	feat: add @base-ui/react to dashboard dependencies and update lockfile	mixed	ENV_BUILD_DEPLOY	2	apps/frontend/dashboard/package.json,bun.lock	Retain @base-ui/react when rebuilding the dashboard package manifest; discard only obsolete Nitro lock churn and verify a frozen install.	semantic parity scenario
139	8e11e4c97f9a05477c3ca96cc18dc1b0e532b9d0	feat: add success notification banners for API key rotation and deletion via callback handlers	dashboard-only	UNIVERSAL_REACT,CLIENT_SSR	2	apps/frontend/dashboard/src/features/api-keys/list/api-key-list.tsx,apps/frontend/dashboard/src/features/api-keys/modals/rotate-api-key-modal/index.tsx	Preserve callback delivery through modal close/invalidation, stable target refs, independent banners, and their expiration timers.	semantic parity scenario
140	3c7f6d289cd17ae4c4bee8d5935bb7015088c178	refactor: wrap status banners in stable AnimatePresence blocks with unique keys	dashboard-only	UNIVERSAL_REACT	1	apps/frontend/dashboard/src/features/api-keys/list/api-key-list.tsx	Portable React keying fix; retain exact AnimatePresence ownership to avoid broken exits.	mechanical port
141	ab2c34df002d479f714177c53327f7d0bc4a8c29	refactor: remove success toast notification after API key rotation	dashboard-only	UNIVERSAL_REACT	1	apps/frontend/dashboard/src/features/api-keys/modals/rotate-api-key-modal/index.tsx	Preserve removal of the duplicate toast; banner remains the success feedback.	mechanical port
142	bd2dfa69cd4ab451ba8734a5744de0d5afc40c45	feat: update API key empty state with new visual design and FancyButton component	dashboard-only	UNIVERSAL_REACT	1	apps/frontend/dashboard/src/features/api-keys/table/empty-state.tsx	Portable empty-state React/UI; keep its create callback connected to the dedicated page.	mechanical port
143	4146f108bbf514ba67e5219465436535a6902fa5	refactor: implement animated modal steps and centralized footer for API key creation workflow	dashboard-only	UNIVERSAL_REACT	1	apps/frontend/dashboard/src/features/api-keys/modals/create-api-key-modal/index.tsx	Portable legacy modal refactor; preserve current final state, noting that the dedicated page is the active entry point.	mechanical port
144	1a5021427222669fb5612d15303b6bde6b613856	refactor: migrate onboarding flow components to use FancyButton and update spacing and sizing utilities	dashboard-only	UNIVERSAL_REACT	1	apps/frontend/dashboard/src/features/onboarding/step1/create-org-step.tsx,apps/frontend/dashboard/src/features/onboarding/step3/configure-dns-actions.tsx	Portable onboarding UI; preserve current actions and keyboard behavior.	mechanical port
145	f01d5668ebab87886712f6e677e1b05ad0cc34d2	feat: add height animation state and update layout padding in split-layout component	dashboard-only	UNIVERSAL_REACT,CLIENT_SSR	1	apps/frontend/dashboard/src/features/onboarding/split-layout.tsx	Keep the client-side height/timer behavior, subsequently superseded in part by commit 146.	mechanical port
146	34db1e642060f1502c6e746a098e850ea27fa6cc	refactor: move onboarding step titles into individual components and simplify SplitLayout height animations	dashboard-only	UNIVERSAL_REACT,CLIENT_SSR	2	apps/frontend/dashboard/src/features/onboarding/split-layout.tsx	Retain the current ResizeObserver and measured-height animation only inside a client component; test first hydration, step changes, resize, and observer cleanup.	semantic parity scenario
147	f83737171206937fa26d87501de28807db673077	refactor: remove advanced domain configuration options from onboarding step 2	dashboard-only	UNIVERSAL_REACT	1	apps/frontend/dashboard/src/features/onboarding/step2/add-domain-step.tsx	Preserve removal of the advanced options; do not revive the old Next-era controls.	mechanical port
148	7f1d29eecececf869e9f2c767d5c20a029c5ea3c	refactor: simplify developer playground layout by removing step cards and adjust post-generate container styling	dashboard-only	UNIVERSAL_REACT	1	apps/frontend/dashboard/src/features/onboarding/step4/developer-playground.tsx	Portable onboarding layout; retain the current simplified sequence.	mechanical port
149	92fb5b804df2dffaf5b29ed0eff25495e6e7a94b	style: update developer playground prompt width and add max-width to post-generate layout	dashboard-only	UNIVERSAL_REACT	1	apps/frontend/dashboard/src/features/onboarding/step4/post-generate.tsx	Portable styling-only change.	mechanical port
150	03bd535bfcee263cd7d9848d453b7a7191496e89	refactor: simplify integration selection by replacing separate mode and language states with a unified choice state	dashboard-only	UNIVERSAL_REACT,ROUTER_LAYOUT	2	apps/frontend/dashboard/src/features/onboarding/step4/use-generate-api-key.ts,apps/frontend/dashboard/src/features/onboarding/onboarding-page.tsx	Preserve the current URL contract: lang stores ai or a language and mode is removed; port the existing finish navigation and Nuqs adapter without restoring the former two-parameter model.	semantic parity scenario
151	b364946d9aa6c9b237974191aa22074926069c04	refactor: replace custom animated integration pills with standardized button components and simplify developer playground layout	mixed	UNIVERSAL_REACT,SHARED_BACKEND	1	apps/frontend/dashboard/src/features/onboarding/step4/integration-language-pills.tsx,packages/ui/src/components/fancy-button.tsx	Portable React/shared-UI change; retain current selection and completion callbacks.	mechanical port
152	fc9607b11c1514d1d87dcfcaa6be1f4c90934dba	refactor: update primary brand color, standardize email feature iconography, and enhance UI components across onboarding and DNS settings.	mixed	UNIVERSAL_REACT,STALE_NEXT,SHARED_BACKEND	3	apps/frontend/dashboard/src/app/(protected)/onboarding/steps/configure-dns.tsx,apps/frontend/dashboard/src/features/onboarding/step3/configure-dns-step.tsx,packages/tailwind/style.css	The same UI was edited in stale Next and live feature trees; use the current feature implementation as source, compare unique stale behavior before replacement, and retain shared brand/icon changes.	blocking migration requirement
153	a3b30613ee979d1c16bd2acda40f856d1f628318	feat: update DNS auto-connect banner to support forceShow and include verifying status	dashboard-only	UNIVERSAL_REACT,STALE_NEXT	3	apps/frontend/dashboard/src/app/(protected)/(layout)/domain/[domainId]/components/dns-auto-connect-banner.tsx,apps/frontend/dashboard/src/features/domain/detail/components/dns-auto-connect-banner.tsx	Preserve forceShow, domain-id fallback, and verifying status from the live feature; diff the stale duplicate only for missing behavior, then remove it rather than choosing it as the new route component.	blocking migration requirement
154	1aa6b50b7a910487992ef64714cb5e55601f48a0	feat: upgrade DNS auto-connect buttons to FancyButton with animation and update path aliases	mixed	UNIVERSAL_REACT,STALE_NEXT,ENV_BUILD_DEPLOY,SHARED_BACKEND	3	apps/frontend/dashboard/src/app/(protected)/(layout)/domain/[domainId]/components/dns-auto-connect-banner.tsx,apps/frontend/dashboard/src/features/domain/detail/components/dns-auto-connect-banner.tsx,apps/frontend/dashboard/tsconfig.json	Keep live feature behavior and both # and @fe/dashboard aliases in the Next tsconfig; do not resurrect stale SWR/Next duplicates while preserving any unique imports they reveal.	blocking migration requirement
155	b026def32d2920bee3d73cc5304f00744ab11c44	feat: implement pending states and visual feedback for domain tracking toggles, and clean up completed implementation plans.	mixed	UNIVERSAL_REACT,CLIENT_SSR,SHARED_BACKEND,TEST_DOCS	2	apps/frontend/dashboard/src/features/domain/detail/components/domain-configuration-section.tsx,packages/ui/src/components/switch.tsx	Preserve async pending guards, flash timers, and shared Switch styling; test rejected and successful tracking changes and rapid repeated clicks.	semantic parity scenario
156	db669d0f595d9f7fa7f3ba3a353cfbb2781f68ae	feat: add loading states to domain action toasts using promise-based notifications	dashboard-only	UNIVERSAL_REACT	2	apps/frontend/dashboard/src/features/domain/detail/hooks/use-domain-actions.ts	Preserve the promise-returning domain action contract and invalidate-before-success behavior; test loading, success, and API-derived error transitions.	semantic parity scenario
157	e9d8d3b1bff296445b93bf20884c3a2f65f37378	feat: add custom animated toast components and promise support to Toaster	none	SHARED_BACKEND	1	packages/ui/src/components/toast.tsx	Shared UI is portable, but the restored Next root Providers must mount this current Toaster implementation.	mechanical port
158	7fac9e5a56fa517f3893ce02fc9985af9a978f3b	refactor: upgrade toast utility to support asynchronous state management and integrate into domain update hooks	mixed	UNIVERSAL_REACT,SHARED_BACKEND	2	apps/frontend/dashboard/src/features/onboarding/step3/use-update-domain.ts,packages/ui/src/components/toast.tsx	Preserve returned promises and shared toast.promise semantics so callers can await updates; validate inbox, domain detail, and onboarding integrations.	semantic parity scenario
159	0ece035d600d5ca454a37adb78a0207168b6d169	refactor: update success toast icon design and simplify rendering logic	none	SHARED_BACKEND	0	packages/ui/src/components/toast.tsx	Shared styling-only follow-up; inherited unchanged.	preserved by ancestry
160	3c7049df7e963fcca338fb8a1a8db7a0153d5220	style: update key icon size and remove container border in onboarding step 4	dashboard-only	UNIVERSAL_REACT	1	apps/frontend/dashboard/src/features/onboarding/step4/pre-generate.tsx	Portable styling-only change.	mechanical port
161	671c4d0feea60a4c7b663173237f8743eb7c1f7f	refactor: migrate authentication forms and buttons to FancyButton with updated styling and sizing	mixed	UNIVERSAL_REACT,SHARED_BACKEND	1	apps/frontend/dashboard/src/features/auth/login/login-form.tsx,packages/ui/src/components/fancy-button.tsx	Portable auth React/UI; keep current form status and provider-button semantics under the public client boundary.	mechanical port
162	04f2d5abcff56fcd77dd36fd1cb9fdc909f251a2	feat: add framer-motion slide animations to auth button states	dashboard-only	UNIVERSAL_REACT	1	apps/frontend/dashboard/src/features/auth/login/login-form.tsx,apps/frontend/dashboard/src/features/auth/verify-otp.tsx	Portable auth animation; retain within client form components and test loading labels.	mechanical port
163	8a199d39801d882953d9896d85417a5d7e0cf659	feat: add animated button label transitions to onboarding flow using framer-motion	dashboard-only	UNIVERSAL_REACT	1	apps/frontend/dashboard/src/features/onboarding/step1/create-org-step.tsx,apps/frontend/dashboard/src/features/onboarding/step4/post-generate.tsx	Portable onboarding animation; preserve state labels and disabled behavior.	mechanical port
164	81d27c7c838fc034d4d9c510508303baeb2b2ec7	refactor: standardize domain components, add refresh functionality, and enhance domain deletion handling	dashboard-only	UNIVERSAL_REACT,ROUTER_LAYOUT,CLIENT_SSR	2	apps/frontend/dashboard/src/features/domain/components/domain-list-header.tsx,apps/frontend/dashboard/src/features/domain/page.tsx	Port /domain/add navigation and external-doc actions to Next while preserving manual invalidation, deleted-name banner, callback timing, filters, and removal of obsolete row navigation.	semantic parity scenario
165	385e099623a7974cf8d6a5cad39dc5a9bd281d05	refactor: replace custom dropdown with base-ui-select and use standard Link components for navigation consistency	dashboard-only	UNIVERSAL_REACT,ROUTER_LAYOUT	2	apps/frontend/dashboard/src/features/domain/components/domain-table.tsx,apps/frontend/dashboard/src/features/domain/components/domain-filter-dropdown.tsx	Carry the Base UI select as-is; convert domain-row Link to /domain/[domainId] with equivalent encoding, click target, keyboard behavior, and dropdown propagation.	semantic parity scenario
166	d6c32b5d4a2136bfb83480fe1fc7ee971b03d078	style: standardize action menu button sizing and icon styling across API key and domain components	dashboard-only	UNIVERSAL_REACT	1	apps/frontend/dashboard/src/features/domain/components/domain-dropdown.tsx	Portable action-menu styling and accessibility label.	mechanical port
167	13b54f69fd1b4b528c84030765f5c17cc4e132e9	refactor: update empty state UI components and simplify button styling across API keys and domains tables	dashboard-only	UNIVERSAL_REACT,ROUTER_LAYOUT	2	apps/frontend/dashboard/src/features/domain/components/empty-state.tsx	Port the live imperative /domain/add action to Next navigation; preserve the simplified filtered/unfiltered copy and do not restore the removed Link/docs controls.	semantic parity scenario
168	13bfec20b9f5eb434a6b305bf2a82c584542f890	refactor: migrate domain addition and verification buttons to FancyButton with animated loading states	dashboard-only	UNIVERSAL_REACT	1	apps/frontend/dashboard/src/features/domain/add/page.tsx,apps/frontend/dashboard/src/features/domain/add/setup/page.tsx	Portable React/UI; retain current submit, verification, loading, and existing post-verification navigation behavior.	mechanical port
169	29ef4ef4f13444b837bc69b71926e4bc3dc165d0	feat: improve DNS forwarding UI with email validation, loading states, and animated feedback	dashboard-only	UNIVERSAL_REACT,CLIENT_SSR	2	apps/frontend/dashboard/src/features/domain/add/setup/components/forward-dns-records.tsx	Preserve validation, API payload trimming, success timer, error state, and reset behavior; test close/unmount during the delayed success transition.	semantic parity scenario
170	fbe3fe165f16e77f9a629740add1778b29295d8b	refactor: conditionally render DNS instructions container only when not sent	dashboard-only	UNIVERSAL_REACT	1	apps/frontend/dashboard/src/features/domain/add/setup/components/forward-dns-records.tsx	Portable render-state change; preserve the success-only view.	mechanical port
171	233f7ee14c2a18b7a945f60869ebd77f4eeae292	feat: enhance ForwardDNSRecordsButton with spring animations and reduced motion support	dashboard-only	UNIVERSAL_REACT,CLIENT_SSR	1	apps/frontend/dashboard/src/features/domain/add/setup/components/forward-dns-records.tsx	Portable client animation; preserve reduced-motion handling.	mechanical port
172	a5e71e1eabbcc0de89b68826a7831e92093bb036	feat: add spring-based entrance animation and checkmark draw effect to DNS success icon	dashboard-only	UNIVERSAL_REACT,CLIENT_SSR	1	apps/frontend/dashboard/src/features/domain/add/setup/components/forward-dns-records.tsx	Portable client animation; preserve reduced-motion path behavior.	mechanical port
173	d9d4525fc5eb9a7414ea7fbca81d8f57b0f6970f	feat: add dynamic height animation and layout transition support for forward DNS records popover	dashboard-only	UNIVERSAL_REACT,CLIENT_SSR	1	apps/frontend/dashboard/src/features/domain/add/setup/components/forward-dns-records.tsx	Portable client animation; verify form, error, and success heights after hydration.	mechanical port
174	99478f9743d95b6ab1664de08f09a57e08bd647b	refactor: update delete domain modal UI, improve warning text, and replace button with FancyButton component	dashboard-only	UNIVERSAL_REACT	1	apps/frontend/dashboard/src/features/domain/components/delete-domain.tsx	Portable React/UI and copy; retain current destructive warning.	mechanical port
175	0ebfa6c01a37fb53515d485761dfcb8394d7c630	feat: implement hold-to-delete interaction with animation feedback for domain deletion	dashboard-only	UNIVERSAL_REACT,ROUTER_LAYOUT,CLIENT_SSR	3	apps/frontend/dashboard/src/features/domain/components/delete-domain.tsx	Replace useRouterState with base-path-normalized usePathname and useNavigate with Next navigation; preserve detail-page detection, hold/cancel pointer semantics, delayed redirect to /domain, query cleanup, and target refs.	blocking migration requirement
176	4dd4f6a866f2b7a76810ca08cdb035e082fae6fe	feat: implement hold-to-confirm interaction for API key deletion and rotation modals	dashboard-only	UNIVERSAL_REACT,CLIENT_SSR	2	apps/frontend/dashboard/src/features/api-keys/modals/delete-api-key-modal.tsx,apps/frontend/dashboard/src/features/api-keys/modals/rotate-api-key-modal/index.tsx	Preserve pointer down/up/leave/cancel behavior, motion-value reset, keyboard alternative, and cleanup across modal close/unmount.	semantic parity scenario
177	a53a7db235f42d9fe8eae2f9bffc908aaf846038	style: standardize layout and remove vertical margins from DNS record sections	dashboard-only	UNIVERSAL_REACT	1	apps/frontend/dashboard/src/features/domain/detail/components/dns-records-section.tsx	Portable layout change; retain current visibility behavior.	mechanical port
178	9101c12b6c03b8995c785307a0e29ee0307f2a79	refactor: update domain tab menu UI styling and reorder imports for consistency	dashboard-only	UNIVERSAL_REACT,STALE_NEXT	3	apps/frontend/dashboard/src/app/(protected)/(layout)/domain/[domainId]/page.tsx,apps/frontend/dashboard/src/features/domain/detail/page.tsx	Both stale Next and live feature pages were edited; take tab geometry from the current feature version, audit stale Domain Connect callback handling separately, then replace the stale page with a thin App Router wrapper.	blocking migration requirement
179	c06c1dcf5c91ce205b1866cff69c49e28a837439	chore: update next to preview and upgrade sharp dependencies	none	ENV_BUILD_DEPLOY	3	package.json,bun.lock	The restored dashboard must consume the repository's current Next preview catalog and Sharp lock resolution, not the Next version that existed before the TanStack migration.	blocking migration requirement
180	9b7a7d4d6d7c19b0edb401cef840e5b21ac4c69d	refactor: update domain header to use FancyButton and integrate ForwardDNSRecordsButton with improved verification states	dashboard-only	UNIVERSAL_REACT	2	apps/frontend/dashboard/src/features/domain/detail/components/domain-header.tsx	Preserve pending/verifying/failed branching, disabled verification state, and the embedded forwarding action; include all statuses in parity tests.	semantic parity scenario
181	7743f47e6a81c67cee7a8be1e834057a71aca605	feat: add modal to forward DNS records and expose it in the domain dropdown menu	dashboard-only	UNIVERSAL_REACT,CLIENT_SSR	2	apps/frontend/dashboard/src/features/domain/add/setup/components/forward-dns-records-modal.tsx,apps/frontend/dashboard/src/features/domain/components/domain-dropdown.tsx	Preserve the reusable modal, clipboard actions, validation, verify/forward menu dispatch, reset effect, timers, and reduced-motion behavior in the client subtree.	semantic parity scenario
182	78909a4766633c474b667afd3a312c39ce6c1926	feat: improve forward DNS records modal with smooth layout animations and SVG success icon	dashboard-only	UNIVERSAL_REACT,CLIENT_SSR	1	apps/frontend/dashboard/src/features/domain/add/setup/components/forward-dns-records-modal.tsx	Portable client animation follow-up; retain error/form/success height transitions and reduced-motion behavior.	mechanical port
183	e339673ccfc043ec6c48dbdbf424ce74eea4ab35	feat: implement dynamic height measurement with react-use-measure in ForwardDNSRecordsModal for smooth spring-interpolated transitions	dashboard-only	UNIVERSAL_REACT	0	apps/frontend/dashboard/src/features/domain/add/setup/components/forward-dns-records-modal.tsx	Preserve the current modal height and motion JSX unchanged; it is framework-neutral React.	preserved by ancestry
184	083e25aaebaed26017e0998f47204bbd07429043	fix: adjust modal animation heights and scale transitions for improved visual consistency	dashboard-only	UNIVERSAL_REACT	0	apps/frontend/dashboard/src/features/domain/add/setup/components/forward-dns-records-modal.tsx	Preserve the tuned animation heights and scale values unchanged.	preserved by ancestry
185	dcb5efe6c93a7cad28bce40d87ee9dd2369addf5	feat: replace click-to-send with hold-to-send interaction for DNS instructions	dashboard-only	UNIVERSAL_REACT,CLIENT_SSR	1	apps/frontend/dashboard/src/features/domain/add/setup/components/forward-dns-records-modal.tsx; apps/frontend/dashboard/src/features/domain/add/setup/components/forward-dns-records.tsx	Keep the hold-to-send pointer and motion-value behavior; ensure both components remain below a client boundary.	mechanical port
186	1993102f8cf41a0828d19ce269d4edd446a0ffc4	feat: implement CommonUseCasesSidebar and update API detail components to support custom trigger rendering	dashboard-only	UNIVERSAL_REACT,ROUTER_LAYOUT,CLIENT_SSR	2	apps/frontend/dashboard/src/features/contacts/common-use-cases-sidebar.tsx; apps/frontend/dashboard/src/features/contacts/contacts-shell.tsx	Port pathname selection to usePathname and preserve contacts/properties/channels/groups shell detection, detail/bulk exclusions, sidebar placement, and event-only external window opens.	semantic parity scenario
187	e6a3f8c3c88cfe4645b33791799a1ca80ed247bd	refactor: enhance group management with search states, updated empty state UI, and improved modal submission flow	mixed	UNIVERSAL_REACT,SHARED_BACKEND	0	apps/frontend/dashboard/src/features/contacts/components/groups/create-group-modal.tsx; packages/ui/src/components/input.tsx	Keep the dashboard modal/search behavior and the shared medium-input rounding change; no framework adaptation is needed.	preserved by ancestry
188	5b55ae20d664a87df9f626a56111358fd74da039	feat: add success variant to FancyButton and implement success state in CreateGroupModal	mixed	UNIVERSAL_REACT,SHARED_BACKEND	0	apps/frontend/dashboard/src/features/contacts/components/groups/create-group-modal.tsx; packages/ui/src/components/fancy-button.tsx	Preserve the group success-state flow and shared FancyButton success variant together.	preserved by ancestry
189	3fe03f815fb8b7d73e6fd96df65fe8503aec82d3	feat: add success variant shadow to fancy-button and fix minor formatting in create-group-modal	mixed	UNIVERSAL_REACT,SHARED_BACKEND	0	apps/frontend/dashboard/src/features/contacts/components/groups/create-group-modal.tsx; packages/ui/src/components/fancy-button.tsx; packages/tailwind/style.css	Preserve the shared success shadow token and its FancyButton use.	preserved by ancestry
190	19c32a205d29c4c9918c939888323340a4b86274	fix: prevent button interaction and update styling during group creation state	dashboard-only	UNIVERSAL_REACT	0	apps/frontend/dashboard/src/features/contacts/components/groups/create-group-modal.tsx	Preserve the success-state disabled and pointer-event behavior.	preserved by ancestry
191	50da27326a5d9deaa500fe27ca6505a7a0ed5cc9	feat: add edit group functionality and export action to group dropdown while refining UI component iconography.	dashboard-only	UNIVERSAL_REACT,ROUTER_LAYOUT,CLIENT_SSR	2	apps/frontend/dashboard/src/features/contacts/components/groups/group-dropdown.tsx; apps/frontend/dashboard/src/features/contacts/contacts-modals.tsx	Port group detail navigation and Nuqs modal/id state; retain clipboard and Blob CSV export handlers, edit modal, PATCH/delete flows, and delayed success states.	semantic parity scenario
192	da083c0a6a8dc9c88e788fa48356cd01a61af0cf	refactor: enhance group dropdown animations, update icons, and replace row click events with link navigation in the group table	dashboard-only	UNIVERSAL_REACT,ROUTER_LAYOUT	2	apps/frontend/dashboard/src/features/contacts/components/groups/group-table.tsx	Replace the TanStack Link with a Next Link href containing the encoded groupId while preserving the link-only click target and keyboard behavior.	semantic parity scenario
193	697c6851e8cf007a883ac179c39e1aa7ec434e00	feat: add animated copy feedback to domain and API key dropdown menus and update action handlers	dashboard-only	UNIVERSAL_REACT,ROUTER_LAYOUT,CLIENT_SSR	2	apps/frontend/dashboard/src/features/api-keys/table/api-key-actions-menu.tsx; apps/frontend/dashboard/src/features/domain/components/domain-dropdown.tsx	Port API-key detail navigation and Nuqs edit state; retain clipboard feedback, menu-close timing, and domain/API action dispatch.	semantic parity scenario
194	748c4d053f27f4a77ffdf08137e9b9c7445c4bf3	refactor: remove react-hook-form and valibot from EditApiKeyModal for a simplified state-driven implementation	dashboard-only	UNIVERSAL_REACT	2	apps/frontend/dashboard/src/features/api-keys/hooks/use-toggle-api-key.ts; apps/frontend/dashboard/src/features/api-keys/modals/edit-api-key-modal.tsx	Keep the non-optimistic toggle behavior, awaited invalidation, state-driven edit form, and success callbacks; validate them under the restored Query provider.	semantic parity scenario
195	e5c26934891141153f00fcb3da429dc8177cf694	refactor: format conditional logic and update success message in edit API key modal	dashboard-only	UNIVERSAL_REACT	0	apps/frontend/dashboard/src/features/api-keys/modals/edit-api-key-modal.tsx	Preserve formatting-equivalent logic and the Key Name Updated success copy.	preserved by ancestry
196	5c89bb32cb54802dcfa0f68fe5e436911bdb9a64	refactor: centralize Group type definition and update link styles across contact tables	dashboard-only	UNIVERSAL_REACT	0	apps/frontend/dashboard/src/features/contacts/hooks/use-contacts-query.ts; apps/frontend/dashboard/src/features/contacts/components/groups/group-table.tsx	Keep the centralized Group type, nullable createdAt handling, and link styling unchanged.	preserved by ancestry
197	da8085d19b6ea7c163a31f2fecd0bbe4dd50ea6f	feat: add llms.txt and sitemap.md support with corresponding routes and updates to documentation links	none	ENV_BUILD_DEPLOY,SHARED_BACKEND,TEST_DOCS	0	apps/frontend/docs/Dockerfile; apps/frontend/docs/src/app/sitemap.md/route.ts; apps/frontend/web/src/app/sitemap.md/route.ts	Leave the docs/web sitemap routes, proxy exclusions, Docker copy, and discovery documents untouched by the dashboard migration.	preserved by ancestry
198	a9d42688ca1c1edc94dff1f315dbde85ef5e379b	feat: implement search state and standardized empty states for contacts and properties components	dashboard-only	UNIVERSAL_REACT	0	apps/frontend/dashboard/src/features/contacts/components/contacts/contacts-empty-state.tsx; apps/frontend/dashboard/src/features/contacts/components/properties/properties-empty-state.tsx	Preserve the current empty-state/search behavior and props as framework-neutral React.	preserved by ancestry
199	4dc0589a85766358b1508fd9e58eaf93800350b9	refactor: redesign add property modal UI and streamline form state management	dashboard-only	UNIVERSAL_REACT,ROUTER_LAYOUT,CLIENT_SSR	2	apps/frontend/dashboard/src/features/contacts/components/properties/property-table.tsx; apps/frontend/dashboard/src/features/contacts/components/properties/add-property-modal.tsx	Port filter-contacts navigation to a Next URL/search update that merges existing state; retain property modal state machines and clipboard handlers.	semantic parity scenario
200	c6a91afec0de995f80ec14314839090f78b6530f	refactor: replace text input confirmation with press-and-hold interaction in DeletePropertyModal	dashboard-only	UNIVERSAL_REACT,CLIENT_SSR	1	apps/frontend/dashboard/src/features/contacts/components/properties/delete-property-modal.tsx	Keep hold-to-delete motion and pointer handlers under a client boundary; no routing change is required.	mechanical port
201	2acacf67d27e2e3682509b4eb75126b23ca7c6aa	refactor: migrate property search and filters to URL query state and update filter component UI	dashboard-only	UNIVERSAL_REACT,ROUTER_LAYOUT,CLIENT_SSR	2	apps/frontend/dashboard/src/features/contacts/components/properties/property-list.tsx; apps/frontend/dashboard/src/features/contacts/components/properties/property-filter-dropdown.tsx	Use the Next Nuqs adapter and preserve search/type/page URL keys, null-clearing semantics, and filter selection behavior.	semantic parity scenario
202	52e02624005d2e4fcfeff5a78a57bdae31615fea	feat: enhance empty state UI to support consolidated search and filter clearing	dashboard-only	UNIVERSAL_REACT,ROUTER_LAYOUT	2	apps/frontend/dashboard/src/features/contacts/components/properties/property-list.tsx; apps/frontend/dashboard/src/features/contacts/components/properties/properties-empty-state.tsx	Preserve the combined search/type clear operation and page reset as one user action.	semantic parity scenario
203	cfaf4ec1eae9c1ca6ce297b6a57e4cf4da8ed2f4	refactor: specify generic types for Map in buildLookups function in sitemap-md.ts	none	SHARED_BACKEND,TEST_DOCS	0	apps/frontend/web/src/lib/sitemap-md.ts	Leave the web sitemap Map typing fix untouched.	preserved by ancestry
204	c931e48baef1da73f93116fc2085bac20ed9a3b0	feat: add refresh capability to property list and animate table row transitions	dashboard-only	UNIVERSAL_REACT	0	apps/frontend/dashboard/src/features/contacts/components/properties/property-list.tsx; apps/frontend/dashboard/src/features/contacts/components/properties/property-table.tsx	Preserve manual React Query refetch and table-row animations unchanged.	preserved by ancestry
205	0e5ff94cffab5ed1347c02066a6b2799be331530	feat: implement inline group editing in the contact groups table using a new EditGroupForm component.	dashboard-only	UNIVERSAL_REACT,ROUTER_LAYOUT	2	apps/frontend/dashboard/src/features/contacts/components/groups/group-table.tsx; apps/frontend/dashboard/src/features/contacts/components/groups/edit-group-form.tsx	Port the dynamic group Link to Next while retaining inline edit expansion, modal fallback, event propagation, and query-state selection.	semantic parity scenario
206	20cc1de69d3baefdf7cf9e22b13062fd3f1a8624	refactor: replace standard buttons with FancyButton components across preference and subscription previews	mixed	UNIVERSAL_REACT,SHARED_BACKEND	0	apps/frontend/dashboard/src/features/contacts/components/channels/create-channel-preview.tsx; apps/frontend/links/src/app/preferences/[token]/preferences-content.tsx	Keep both dashboard preview and links-app FancyButton changes; do not revert the non-dashboard half.	preserved by ancestry
207	d9b78dc60ed2254439650636f6c1dda9b800cb9c	feat: update create channel modal UI with interactive styling, animated submission states, and FancyButton component	dashboard-only	UNIVERSAL_REACT	0	apps/frontend/dashboard/src/features/contacts/components/channels/create-channel-modal.tsx	Preserve the current channel modal submission and animated UI.	preserved by ancestry
208	45cc9dc490bd6aa1d484c217b8d3f4d8fb5da0de	refactor: replace text confirmation with hold-to-delete interaction in DeleteChannelModal	dashboard-only	UNIVERSAL_REACT,ROUTER_LAYOUT,CLIENT_SSR	2	apps/frontend/dashboard/src/features/contacts/components/channels/channel-dropdown.tsx; apps/frontend/dashboard/src/features/contacts/components/channels/delete-channel.tsx	Port channel subscriber search navigation, pathname/detail detection, and post-delete replacement to Next; preserve Nuqs modal/id and clipboard behavior.	semantic parity scenario
209	505c9a3a82bb03e49a4131d7906c18c7859293e7	feat: replace contact loading spinners with skeletons in delete group and channel modals	dashboard-only	UNIVERSAL_REACT	0	apps/frontend/dashboard/src/features/contacts/components/channels/delete-channel.tsx; apps/frontend/dashboard/src/features/contacts/components/groups/delete-group.tsx	Preserve skeleton loading states unchanged.	preserved by ancestry
210	7521f9914dbeb0f1d5c6772ba4a718857d1f3fa9	feat: add toast-like deletion confirmation banners for contacts features	dashboard-only	UNIVERSAL_REACT,ROUTER_LAYOUT	2	apps/frontend/dashboard/src/features/contacts/contacts-shell.tsx; apps/frontend/dashboard/src/features/contacts/contacts-modals.tsx	Keep deletion confirmation state at ContactsShell lifetime and preserve modal callback wiring so banners survive the expected child updates.	semantic parity scenario
211	e297c6eca94909615c04a15309957a258e0e7835	feat: add success state and callback props to channel creation and update modals	dashboard-only	UNIVERSAL_REACT	0	apps/frontend/dashboard/src/features/contacts/components/channels/create-channel-modal.tsx; apps/frontend/dashboard/src/features/contacts/components/channels/edit-channel-modal.tsx	Preserve create/edit status states and success callback contracts.	preserved by ancestry
212	52b08cb3edfada693bc3229bff02a2393f151d66	feat: add animated copy-to-clipboard feedback state to channel dropdown menu items	dashboard-only	UNIVERSAL_REACT,CLIENT_SSR	1	apps/frontend/dashboard/src/features/contacts/components/channels/channel-dropdown.tsx	Keep event-only clipboard feedback under a client boundary.	mechanical port
213	ade39949074a322606b94fbd8bbaf589e990cffa	feat: add loading and success states to channel visibility toggle in dropdown	dashboard-only	UNIVERSAL_REACT	0	apps/frontend/dashboard/src/features/contacts/components/channels/channel-dropdown.tsx	Preserve awaited visibility toggle, completion state, and delayed menu close.	preserved by ancestry
214	02a63b576492bfdccf49903d1ffb6a66ac4d6edf	feat: implement contact creation flow with multi-method import support and API integration guides	dashboard-only	UNIVERSAL_REACT,ROUTER_LAYOUT,CLIENT_SSR	3	apps/frontend/dashboard/src/routes/contacts.create.tsx; apps/frontend/dashboard/src/routeTree.gen.ts; apps/frontend/dashboard/src/features/contacts/create/create-contact-page.tsx	Create the protected Next /contacts/create page outside dashboard chrome but inside the organization provider; preserve pending-session loader, login redirect, all contact methods, API calls, and native-navigation replacements.	blocking migration requirement
215	f111b2a1c908aa73729ac030119bc00cecfc6a5c	refactor: update create-contact-page layout, rename label to Add Contact, and reorder Tailwind classes	dashboard-only	UNIVERSAL_REACT	0	apps/frontend/dashboard/src/features/contacts/create/create-contact-page.tsx	Preserve the full-height animated contact-creation layout and Add Contact copy.	preserved by ancestry
216	2fd3f24b94b48a0d68b477f273f505bcb7de33f2	feat: implement animated vertical carousel transitions for contact creation wizard steps	dashboard-only	UNIVERSAL_REACT	0	apps/frontend/dashboard/src/features/contacts/create/create-contact-page.tsx	Preserve vertical carousel transitions unchanged.	preserved by ancestry
217	37e11985ef45bf44d2727cc30241ffac4d692e93	style: adjust padding and layout spacing across contact creation components	dashboard-only	UNIVERSAL_REACT	0	apps/frontend/dashboard/src/features/contacts/create/components	Preserve the contact-creation spacing, reordered method cards, and form event behavior.	preserved by ancestry
218	bfbcffd3c3876351af766d2c35790008faf8b72d	style: update icons and simplify card/container styling in contact creation components	dashboard-only	UNIVERSAL_REACT	0	apps/frontend/dashboard/src/features/contacts/create/components	Preserve icon and container styling changes.	preserved by ancestry
219	1eff453d6a7066863f10f122878bfe8e6cf495a2	feat: add AI import step and update create contact stepper UI components	dashboard-only	UNIVERSAL_REACT,ROUTER_LAYOUT,CLIENT_SSR	2	apps/frontend/dashboard/src/features/contacts/create/components/ai-import-step.tsx; apps/frontend/dashboard/src/features/contacts/create/components/method-selection-card.tsx	Recognize this as partially superseded by commit 234: retain the file if desired and port its navigation mechanically, but parity must keep AI import absent from the current method selector.	semantic parity scenario
220	5e0a892bf4968c0162c5d70b15ed1d09aa522329	refactor: update csv-import-step components to use Button and FancyButton and adjust layout styles	dashboard-only	UNIVERSAL_REACT	0	apps/frontend/dashboard/src/features/contacts/create/components/csv-import-step.tsx	Preserve the FancyButton and layout refactor.	preserved by ancestry
221	2318bc89488abdb28a113a439b35cf2fbe7066ec	feat: add sample CSV download functionality and update file import requirements UI	dashboard-only	UNIVERSAL_REACT,CLIENT_SSR	1	apps/frontend/dashboard/src/features/contacts/create/components/csv-import-step.tsx	Keep the Blob/object-URL sample download as an event-only client handler.	mechanical port
222	e3988975a133615419e0335cd1a0173657d956da	fix: remove redundant top margin from CSV import description text	dashboard-only	UNIVERSAL_REACT	0	apps/frontend/dashboard/src/features/contacts/create/components/csv-import-step.tsx	Preserve the spacing fix.	preserved by ancestry
223	6b2badbeb0fe78380373c1f2b29b0004f1df130b	feat: implement client-side CSV parsing, validation, and batched contact import logic	dashboard-only	UNIVERSAL_REACT,ROUTER_LAYOUT,CLIENT_SSR,TEST_DOCS	2	apps/frontend/dashboard/src/features/contacts/create/components/csv-import-step.tsx; apps/frontend/dashboard/src/features/contacts/create/utils/csv-parser.ts	Preserve FileReader parsing, size checks, batched create/group API calls, progress, final navigation, and parser tests; ensure the importer is client-rendered.	semantic parity scenario
224	ef6b4de46e68aae6b4b6494b32ff95dea4754c83	feat: add interactive column mapping table to CSV import flow	dashboard-only	UNIVERSAL_REACT	0	apps/frontend/dashboard/src/features/contacts/create/utils/csv-parser.ts; apps/frontend/dashboard/src/features/contacts/create/components/csv-import-step.tsx	Keep column-mapping parser and UI logic unchanged; it is framework-neutral.	preserved by ancestry
225	3292b568efc0bc17362a64149f824ac53645f883	refactor: update group assignment label and polish styling in CSV import flow	dashboard-only	UNIVERSAL_REACT	0	apps/frontend/dashboard/src/features/contacts/create/components/csv-import-step.tsx; apps/frontend/dashboard/src/features/contacts/components/groups/group-select.tsx	Preserve assignment copy and styling.	preserved by ancestry
226	a6a7cc4e19923db93ea1b332c8f4d16676352fb2	feat: add CSV property mapping utilities and UI components for contact imports	dashboard-only	UNIVERSAL_REACT,CLIENT_SSR,TEST_DOCS	1	apps/frontend/dashboard/src/features/contacts/create/utils/property-mapping.ts; apps/frontend/dashboard/src/features/contacts/create/components/csv-property-mapping.tsx	Keep property mapping utilities, property-create API behavior, and both test suites; place interactive mapping components below a client boundary.	mechanical port
227	6a16a8517110339067628f20705c37d4c40d4d6d	refactor: update UI components and styling for contact creation steps and group selection	dashboard-only	UNIVERSAL_REACT	0	apps/frontend/dashboard/src/features/contacts/create/components	Preserve contact-method and group-select UI changes.	preserved by ancestry
228	7d5e1e172f3b35d62f36ecd6ea1198c08bfe3dff	ui: update email input form styling and improve helper text visibility	dashboard-only	UNIVERSAL_REACT	0	apps/frontend/dashboard/src/features/contacts/create/components/single-contact-form.tsx	Preserve email input styling and helper copy.	preserved by ancestry
229	1cc022ef0e35d85b96897ce902c4a1c45e4a68d8	feat: update email chip UI with avatar icons and improved styling	dashboard-only	UNIVERSAL_REACT	0	apps/frontend/dashboard/src/features/contacts/create/components/single-contact-form.tsx	Preserve email-chip avatar UI.	preserved by ancestry
230	3a4ca8fc57fb682fa3c64516e5b9ca3e332bc9f7	feat: update group select pill design with avatar branding and refined styles	dashboard-only	UNIVERSAL_REACT	0	apps/frontend/dashboard/src/features/contacts/components/groups/group-select.tsx	Preserve group-pill avatar styling.	preserved by ancestry
231	22c765987fb058863e24ae7aa091c023d36b58ba	feat: implement animated group selection dropdown with hover effects using motion/react	dashboard-only	UNIVERSAL_REACT,CLIENT_SSR	1	apps/frontend/dashboard/src/features/contacts/components/groups/group-select.tsx	Keep motion hover/dropdown state in the client feature subtree.	mechanical port
232	b02185c59fd19fe22469ce6726d5ee309cde2766	feat: expand API sync step with multi-language code examples and update icons in selection cards	mixed	UNIVERSAL_REACT,ROUTER_LAYOUT,SHARED_BACKEND	1	apps/frontend/dashboard/src/features/contacts/create/components/api-sync-step.tsx; packages/ui/src/components/icons-sprite.tsx	Mechanically replace the remaining navigate hook with Next navigation; preserve all language examples and shared sprite edits.	mechanical port
233	8178953d543196365be2477c9dbb3e59e1474685	refactor: update method selection card layout with nested border styling and improved typography	dashboard-only	UNIVERSAL_REACT	0	apps/frontend/dashboard/src/features/contacts/create/components/method-selection-card.tsx	Preserve nested-border method card layout.	preserved by ancestry
234	2818057f3e7d7a73f34086215fd98e3057d262fd	feat: rebrand REST API sync to SDK sync and remove AI import option	dashboard-only	UNIVERSAL_REACT	2	apps/frontend/dashboard/src/features/contacts/create/components/method-selection-card.tsx; apps/frontend/dashboard/src/features/contacts/create/components/api-sync-step.tsx	Preserve SDK wording and, critically, the current removal of AI import from selectable methods.	semantic parity scenario
235	de10c443b398f94a575958b5eebe87eb357f89e6	feat: add integrated AI support panel to contact creation flow and update UI components	dashboard-only	UNIVERSAL_REACT,ROUTER_LAYOUT,CLIENT_SSR	2	apps/frontend/dashboard/src/features/contacts/create/create-contact-page.tsx; apps/frontend/dashboard/src/routes/contacts.create.tsx	Keep contact creation as a dedicated full-screen surface with its own support AiPanel and organization context; do not place it inside DashboardShell.	semantic parity scenario
236	9efb2c4b1e021f3ee84aa1d05a2d7c0cf795ad83	refactor: export CreateContactPage via index file and update component layout styling	dashboard-only	UNIVERSAL_REACT,ROUTER_LAYOUT	1	apps/frontend/dashboard/src/features/contacts/create/index.ts; apps/frontend/dashboard/src/routes/contacts.create.tsx	Point the new Next page at the feature index export; this is a mechanical route-wrapper replacement.	mechanical port
237	52e7fd5cfb6e5f76ad1158601ec48d0cbeb3c2f4	feat: add layout animations to the support section in the create contact stepper	dashboard-only	UNIVERSAL_REACT	0	apps/frontend/dashboard/src/features/contacts/create/components/create-contact-stepper.tsx	Preserve support-section layout animation.	preserved by ancestry
238	045f9d37d9ceade905a28baf1d299599cf52cc11	refactor: standardize table container styles with updated padding, borders, and rounded corners across all components	dashboard-only	UNIVERSAL_REACT,ROUTER_LAYOUT	2	apps/frontend/dashboard/src/features/contacts/components/contacts/contact-table.tsx; apps/frontend/dashboard/src/features/contacts/components/groups/group-table.tsx	During table porting preserve contact row navigation, dynamic group Link URL, modal/query controls, and action click propagation.	semantic parity scenario
239	e3dad433d8b41afa0089a340ebf2a66accf519e5	refactor: remove property mapping status badge and clean up layout components	dashboard-only	UNIVERSAL_REACT	0	apps/frontend/dashboard/src/features/contacts/create/components/csv-property-mapping.tsx	Preserve mapping layout cleanup.	preserved by ancestry
240	3627808ce9fbba292ce257cfbecf60912d596fde	refactor: replace inline property mapping with a modular component-based system using event delegation for cleaner UI interactions.	dashboard-only	UNIVERSAL_REACT,CLIENT_SSR	2	apps/frontend/dashboard/src/features/contacts/create/components/property-mapping; apps/frontend/dashboard/src/features/onboarding/animated-hover-background.tsx	Keep modular mapping behavior; ensure Element/HTMLElement checks, DOM measurement, focus timeout, and portal event delegation execute client-side only.	semantic parity scenario
241	11907d3e96213eb71572c59283d29840406dab30	refactor: simplify AnimatedHoverBackground positioning using CSS display:contents and relative offset calculation	dashboard-only	UNIVERSAL_REACT,CLIENT_SSR	2	apps/frontend/dashboard/src/features/api-keys/filters/base-ui-select.tsx; apps/frontend/dashboard/src/features/onboarding/animated-hover-background.tsx	Validate display-contents/offsetParent hover positioning after Next hydration and in portaled select lists.	semantic parity scenario
242	3b09c4e99ed0d4606f7545130e28a3d13c09151c	feat: add overflow handling and step positioning logic to create contact page containers	dashboard-only	UNIVERSAL_REACT	0	apps/frontend/dashboard/src/features/contacts/create/create-contact-page.tsx	Preserve overflow and step-position classes.	preserved by ancestry
243	8f262f932794aed5d686d2a517e65593e42aac7d	fix: update layout constraints in create contact page to enforce 100dvh and prevent overflow	dashboard-only	UNIVERSAL_REACT	0	apps/frontend/dashboard/src/features/contacts/create/create-contact-page.tsx	Preserve 100dvh full-screen constraints.	preserved by ancestry
244	01961495ad96b96e21872740ee9442593b74c719	feat: add responsive scrollable containers to contact creation flow steps	dashboard-only	UNIVERSAL_REACT	0	apps/frontend/dashboard/src/features/contacts/create/components	Preserve responsive scroll containers.	preserved by ancestry
245	515340041f7cf504d1bfb338aef29b7dd2b9ecaf	refactor: adjust layout container width and vertical padding on create contact page	dashboard-only	UNIVERSAL_REACT	0	apps/frontend/dashboard/src/features/contacts/create/create-contact-page.tsx	Preserve width and padding adjustment.	preserved by ancestry
246	2240eb144d7cacf5e862c804f4a9e83f0bb626d3	feat: add smooth entry/exit animations and tactile press feedback to CSV property mapping rows	dashboard-only	UNIVERSAL_REACT	0	apps/frontend/dashboard/src/features/contacts/create/components/property-mapping	Preserve mapping-row animations.	preserved by ancestry
247	2b955ad25c8998285974683327a4eeee7f04275c	refactor: simplify mapping row animations and improve sync layout transitions for property mapping components	dashboard-only	UNIVERSAL_REACT	0	apps/frontend/dashboard/src/features/contacts/create/components/property-mapping	Preserve the simplified synchronized layout transitions.	preserved by ancestry
248	f202d78d5ebb43bdd61ae2a371a4eb942b19e9a5	style: update font size and weight for field list items and add property trigger	dashboard-only	UNIVERSAL_REACT	0	apps/frontend/dashboard/src/features/contacts/create/components/property-mapping/reloop-field-list.tsx	Preserve field-list typography.	preserved by ancestry
249	3572b9b7900612466dd368d9a73b44c879ccd0da	refactor: update table UI components with modernized rounded styling and refined layouts	dashboard-only	UNIVERSAL_REACT,ROUTER_LAYOUT	1	apps/frontend/dashboard/src/features/contacts/components/groups/group-table.tsx	Mechanically convert the moved dynamic group Link to Next href while retaining row/action event boundaries.	mechanical port
250	575e89523461a151b4d61db0ea24c14010bda2f7	feat: synchronize search state with URL parameters, upgrade UI components to small size, and add manual refresh functionality to contact and group lists.	dashboard-only	UNIVERSAL_REACT,ROUTER_LAYOUT,CLIENT_SSR	2	apps/frontend/dashboard/src/features/contacts/components/contacts/contact-list.tsx; apps/frontend/dashboard/src/features/contacts/components/groups/group-list.tsx	Use Next Nuqs integration and preserve search URL ownership, null removal, refresh controls, and pagination interaction.	semantic parity scenario
251	f995f6d01187799b8b73a4ecd48296c558ae3f22	refactor: replace custom dropdown with base-ui select and implement hold-to-delete interaction for contact deletion	dashboard-only	UNIVERSAL_REACT,CLIENT_SSR	1	apps/frontend/dashboard/src/features/contacts/components/contacts/delete-contact-modal.tsx	Keep hold-to-delete motion/pointer behavior below a client boundary.	mechanical port
252	b96d055d9ddf839fa7c4e93d052dff041c3eb422	refactor: migrate button components to FancyButton across settings features	dashboard-only	UNIVERSAL_REACT	0	apps/frontend/dashboard/src/features/settings	Preserve the broad settings FancyButton migration unchanged.	preserved by ancestry
253	17d75214690a068a0dcbc80b46e00cf1fc1733f6	feat: implement animated success states for destructive and upload actions with improved UI transitions	dashboard-only	UNIVERSAL_REACT,CLIENT_SSR	1	apps/frontend/dashboard/src/features/settings	Keep async success-state timers and motion transitions under client settings entry points; retain auth/query mutations as written.	mechanical port
254	59b8ead2e0104e43534897d03e57847ad2922935	feat: enhance connected accounts UI with animations and add connector and plus-circle icons.	mixed	UNIVERSAL_REACT,SHARED_BACKEND,TEST_DOCS	0	apps/frontend/dashboard/src/features/settings/security/connected-accounts.tsx; packages/ui/src/components/icons-sprite.tsx; apps/frontend/docs/src/lib/reloop-icon-names.ts	Keep dashboard usage, shared sprite symbols, and docs icon registry in sync.	preserved by ancestry
255	8bf21fa4afa919440c7f8ec217ad9671f3be29ab	feat: add animated loading state and improved layout for connected account buttons	dashboard-only	UNIVERSAL_REACT	0	apps/frontend/dashboard/src/features/settings/security/connected-accounts.tsx	Preserve connected-account loading layout.	preserved by ancestry
256	88abc219b7e4cc9d15daf14868b7d7dc350e39d7	style: add horizontal margin and prevent shrinking for connect account icon	dashboard-only	UNIVERSAL_REACT	0	apps/frontend/dashboard/src/features/settings/security/connected-accounts.tsx	Preserve icon sizing fix.	preserved by ancestry
257	5b4837848a2b28f068e90639e42488161d6bfcbf	style: update check icon and add styling to connected account disconnect button	dashboard-only	UNIVERSAL_REACT	0	apps/frontend/dashboard/src/features/settings	Preserve check icons, keyboard hints, and disconnect styling.	preserved by ancestry
258	b722a1935085a1d9ae4669336837e5b2c76d6090	style: update input sizes to medium, adjust fancy button dimensions, and fix icon sizing in settings pages	dashboard-only	UNIVERSAL_REACT	0	apps/frontend/dashboard/src/features/settings	Preserve settings input/button sizing.	preserved by ancestry
259	84cfbc46cd0c7fbf87e5553e4422306dcd979f8e	refactor: migrate team filter to base Select component and update UI elements to small size variant	dashboard-only	UNIVERSAL_REACT	0	apps/frontend/dashboard/src/features/settings/teams/team-filter-dropdown.tsx	Preserve base-select filter behavior and sizing.	preserved by ancestry
260	4be521a0a05f6e94e5b99970ce8bfe6d67afc307	refactor: redesign invite modal UI and update input handling for pending team members	dashboard-only	UNIVERSAL_REACT	0	apps/frontend/dashboard/src/features/settings/teams/invite-modal.tsx	Preserve invite modal input, pending-email, validation, and submission logic unchanged.	preserved by ancestry
261	98a1b2ccdb50e4bb2f2b51c893fd84c6c865190b	feat: redesign team member role selector with animated pill UI and remove bulk role sync logic	dashboard-only	UNIVERSAL_REACT	2	apps/frontend/dashboard/src/features/settings/teams/invite-modal.tsx	Preserve per-email animated role selection and the removal of bulk role synchronization.	semantic parity scenario
262	79c276d5745af29a079d0990e6b03d62e1c617ca	style: update invite modal typography and adjust email address label to singular form	dashboard-only	UNIVERSAL_REACT	0	apps/frontend/dashboard/src/features/settings/teams/invite-modal.tsx	Preserve typography and singular label copy.	preserved by ancestry
263	ee12e5105467ab026b5a4cdd69ca7e518971f4ea	refactor: update invite modal UI with streamlined role selector styling, smoother transition curves, and icon adjustment	dashboard-only	UNIVERSAL_REACT	0	apps/frontend/dashboard/src/features/settings/teams/invite-modal.tsx	Preserve selector transition and icon refinements.	preserved by ancestry
264	afb42187948d81359d3486988140f765f1506ce2	feat: implement hold-to-confirm interaction for invite revocation and update modal UI	dashboard-only	UNIVERSAL_REACT,CLIENT_SSR	1	apps/frontend/dashboard/src/features/settings/teams/revoke-invite-modal.tsx; apps/frontend/dashboard/src/features/settings/teams/invite-dropdown.tsx	Keep hold-to-revoke pointer/motion/hotkey behavior and dropdown feedback under client boundaries.	mechanical port
265	e9d330e1b9d4e98f941fc07c5de60f5eded53b72	fix: optimize revoke invite modal animation timings and button state management	dashboard-only	UNIVERSAL_REACT,ROUTER_LAYOUT	2	apps/frontend/dashboard/src/features/settings/teams/team-list.tsx; apps/frontend/dashboard/src/features/settings/teams/revoke-invite-modal.tsx	Preserve the current modal lifecycle: successful revoke closes through onOpenChange rather than clearing modal/invite query keys inside confirm; retain nested timer timing.	semantic parity scenario
266	52d4b9f88151f5731adcaa3de547c5da06074775	refactor: replace cancel button with standard Button component in switch plan modal	dashboard-only	UNIVERSAL_REACT	0	apps/frontend/dashboard/src/features/settings/billing/switch-plan-modal.tsx	Preserve the neutral cancel button change.	preserved by ancestry
267	7c9eb074fec934bc94ca4c12f494df896f4c60b7	refactor: remove isUpgrade condition from billing plan selection button variant	dashboard-only	UNIVERSAL_REACT	0	apps/frontend/dashboard/src/features/settings/billing/plans-page.tsx	Preserve current plan button variant selection.	preserved by ancestry
268	57a9768128b7e7fe36fc5a4072c36961d6911225	refactor: enhance group selection component with memoization and flexible UI props and improve contact edit panel styling	dashboard-only	UNIVERSAL_REACT	2	apps/frontend/dashboard/src/features/contacts/components/contacts/edit-contact-form.tsx; apps/frontend/dashboard/src/features/contacts/components/groups/group-select.tsx	Preserve PATCH contact plus channel-subscription and group add/remove diffs, credentialed API calls, initial membership derivation, and partial-failure handling; validate edit parity.	semantic parity scenario
269	38da61eb0061187708be17fb72a71a7250259e16	refactor: redesign contact edit UI with improved layout and consolidated card structure	dashboard-only	UNIVERSAL_REACT	0	apps/frontend/dashboard/src/features/contacts/components/contacts/edit-contact-form.tsx	Preserve consolidated edit-contact card layout and unchanged API behavior.	preserved by ancestry
270	495c8457a5f4fefb1292df909898bfff674ee331	feat: add labelHint support to GroupSelect and update edit contact form UI	dashboard-only	UNIVERSAL_REACT	0	apps/frontend/dashboard/src/features/contacts/components/contacts/edit-contact-form.tsx; apps/frontend/dashboard/src/features/contacts/components/groups/group-select.tsx	Preserve labelHint, group/channel UI, and subscription Switch behavior.	preserved by ancestry
271	65fa34796cac4bd60840b1bff380d3ea21f9e199	refactor: remove conditional rendering for email field in edit contact form	dashboard-only	UNIVERSAL_REACT	0	apps/frontend/dashboard/src/features/contacts/components/contacts/edit-contact-form.tsx	Preserve always-rendered email field behavior.	preserved by ancestry
272	d376ec1c58a479b92ee447f2c7aff388431454de	refactor: normalize EditContactForm layout to support distinct modal and inline styling variants	dashboard-only	UNIVERSAL_REACT	0	apps/frontend/dashboard/src/features/contacts/components/contacts/edit-contact-form.tsx; apps/frontend/dashboard/src/features/contacts/components/contacts/edit-contact-modal.tsx	Preserve modal versus inline layout variants.	preserved by ancestry
273	85e3d5ee5d28d5197ccc0c83d8b7ade0491f53d7	refactor: update edit forms to support conditional styling for inline table views	dashboard-only	UNIVERSAL_REACT	0	apps/frontend/dashboard/src/features/contacts/components/groups/edit-group-form.tsx; apps/frontend/dashboard/src/features/contacts/components/properties/edit-property-form.tsx	Preserve conditional inline-table styling for both edit forms.	preserved by ancestry
274	19fc660b746050384e656e08a843e9642b57eabf	feat: add animated icons for sidebar navigation and update sidebar item rendering	mixed	UNIVERSAL_REACT,ENV_BUILD_DEPLOY	1	apps/frontend/dashboard/src/features/dashboard/sidebar/sidebar-nav-icon.tsx; apps/frontend/dashboard/src/styles.css; bun.lock	Preserve the animated sidebar icon dispatch and global keyframes through the Next global CSS/PostCSS entry; retain the current lockfile normalization while regenerating only framework dependency entries.	mechanical port
275	e27011d054f121a6057af6b8d307588820721a00	feat: add new animated icons for sidebar navigation and enhance existing icon animations	dashboard-only	UNIVERSAL_REACT	0	apps/frontend/dashboard/src/features/dashboard/sidebar/sidebar-nav-icon.tsx; apps/frontend/dashboard/src/styles.css	Preserve the expanded icon-name mapping, motion-safe hover animations, SVG transform styles, and global keyframes unchanged.	preserved by ancestry
276	3c32a1dc0036969196994a8d8e79bf21022dfa50	feat: introduce new animated icons for sidebar navigation and enhance existing animations	dashboard-only	UNIVERSAL_REACT	0	apps/frontend/dashboard/src/features/dashboard/sidebar/sidebar-nav-icon.tsx; apps/frontend/dashboard/src/styles.css	Preserve the final gear, globe, integration, API-key, SMTP, and webhook icon mappings plus their CSS animations unchanged.	preserved by ancestry
277	2f02f4f7b0185c31815abf3f91ed383c5b3ff6ae	refactor: update add contact flow to navigate to the create contact route	dashboard-only	UNIVERSAL_REACT,ROUTER_LAYOUT	2	apps/frontend/dashboard/src/features/contacts/components/contacts/contact-list.tsx; apps/frontend/dashboard/src/features/contacts/components/contacts/contacts-empty-state.tsx; apps/frontend/dashboard/src/features/contacts/contacts-modals.tsx	Port both add-contact actions to Next navigation for /contacts/create and preserve removal of the obsolete add-contact modal; do not resurrect its superseded create API flow.	semantic parity scenario
278	4146e8d77c56b3c6bf74f695ecd44968acf707ee	feat: implement agent inbox page and update email layout with common use cases sidebar and header components	dashboard-only	UNIVERSAL_REACT,ROUTER_LAYOUT,CLIENT_SSR	3	apps/frontend/dashboard/src/routes/_dashboard/agent-inbox.tsx; apps/frontend/dashboard/src/features/agent-inbox/agent-inbox-page.tsx; apps/frontend/dashboard/src/features/emails/emails-shell.tsx	Make the Next agent-inbox page retain the AgentInboxProvider and render AgentInboxPage; port email sent/received/detail pathname branching, Nuqs modal/delete/status/q/page state, redirects, hotkeys, timers, and browser-only documentation actions without changing provider or shell lifetimes.	blocking migration requirement
279	07009bbce1f009a879e60457e2443520332feabb	refactor: migrate email and template filters to standard UI components and reorganize layout for improved responsiveness	dashboard-only	UNIVERSAL_REACT,ROUTER_LAYOUT,CLIENT_SSR	2	apps/frontend/dashboard/src/features/smtp/smtp-page.tsx; apps/frontend/dashboard/src/features/templates/templates-list-header.tsx; apps/frontend/dashboard/src/features/webhooks/components/delete-webhook-modal/index.tsx	Use the Next Nuqs adapter for the revised email/template/log/metrics filter keys and page resets; port SMTP/API-key, template-detail, and webhook navigation including encoded IDs, detail detection, and post-delete replacement while keeping clipboard, hotkey, timer, and query invalidation behavior client-side.	semantic parity scenario
280	08b297614f9513ae4192cd96dadac25ca8270ab8	refactor: clean up formatting and simplify layout structure in SmtpPage	dashboard-only	UNIVERSAL_REACT,ROUTER_LAYOUT,CLIENT_SSR	2	apps/frontend/dashboard/src/features/smtp/smtp-page.tsx	Port the added Get API key action to Next navigation for /api-keys/create and preserve non-copyable password rendering, clipboard feedback, tooltip behavior, and the simplified code-panel layout.	semantic parity scenario
281	56e5fb2bc8be2eb393138742d13fdc4d8e10810b	refactor: replace interactive SMTP port picker with a static display string and tooltip	dashboard-only	UNIVERSAL_REACT	0	apps/frontend/dashboard/src/features/smtp/smtp-page.tsx	Preserve the final static supported-port string and protocol tooltip; do not restore the superseded interactive port picker or selectedPort state.	preserved by ancestry
